postUrl,type,videoUrl,imgUrl,postContent,likeCount,commentCount,repostCount,postDate,action,author,authorUrl,profileUrl,timestamp,viewCount,postTimestamp,sharedPostUrl,approximateDate
https://www.linkedin.com/feed/update/urn:li:activity:7384541689413005313,Video (LinkedIn Source),,https://media.licdn.com/dms/image/v2/D4E05AQF_FPosIwVYHA/videocover-low/B4EZnspHkmHgB8-/0/1760611892214?e=1761825600&v=beta&t=8swKbkN6SYO1Oj7dS0nFh0EFFw5p6s9J10nmRo9GNtA,"Was happy to speak to Vertex team on how Digital Identity and GenAI are changing Banking. 
Will love to have your feedback also on what you think
How the meaning of â€œdigital bankingâ€ has evolved â€” and why digital doesnâ€™t always mean frictionless
Why identity verification has been one of bankingâ€™s biggest bottlenecks
How initiatives like Aadhaar (India) and SingPass (Singapore) are transforming authentication
The role of Large Language Models (LLMs) in making banking communication more human and personalized
Why GenAI will be the next major game-changer in the financial services industry",108,3,7,1w,Post,Ankit Ratan,https://www.linkedin.com/in/ankitratan,https://www.linkedin.com/in/ankitratan/,2025-10-16T16:32:00.000Z,,2025-10-16T00:00:00.000Z,,2025-10-16
https://www.linkedin.com/feed/update/urn:li:activity:7384024276246515712,Video (LinkedIn Source),,https://media.licdn.com/dms/image/v2/D5605AQEL4x1UFWPIsw/feedshare-thumbnail_720_1280/B56ZnbVW_9J8A0-/0/1760321434935?e=1761825600&v=beta&t=MCgq3izNJqDWxnbAmFQKtFnTJIgDWAOrZwiQ8R2MhOw,"â€œThe future of banking isnâ€™t just digital â€” itâ€™s frictionless.â€

In this new video, Ankit Ratan, CEO and Co-Founder of Signzy, shares how the banking experience is being redefined through technology: from biometric identity verification and national ID systems like Aadhaar and SingPass, to AI-powered customer interactions that make banking faster, more human, and more secure.

Watch as he explains:

â†³Why â€œdigitalâ€ doesnâ€™t automatically mean â€œseamlessâ€
â†³How identity verification has long been the missing piece â€” and how itâ€™s finally being solved
â†³Why Generative AI is set to become the biggest game-changer in the financial industry
â†³What the next phase of trust and personalization in banking could look like

Signzy is a portfolio company of Vertex Ventures SE Asia & India.

#Fintech #DigitalBanking #FutureOfBanking",29,2,5,1w,Ankit Ratan reposted this,Vertex Holdings,https://www.linkedin.com/company/vertex-holdings,https://www.linkedin.com/in/ankitratan/,2025-10-16T16:32:00.000Z,,2025-10-15T00:00:00.000Z,,2025-10-16
https://www.linkedin.com/feed/update/urn:li:activity:7383524604893614080,Article,,,please help the GenAI founders in India,14,0,0,1w,Post,Ankit Ratan,https://www.linkedin.com/in/ankitratan,https://www.linkedin.com/in/ankitratan/,2025-10-16T16:32:00.000Z,,2025-10-13T00:00:00.000Z,https://www.producthunt.com/products/sigma-ai?launch=sigmamind-ai,2025-10-16
https://www.linkedin.com/feed/update/urn:li:activity:7382680343037894656,Image,,https://media.licdn.com/dms/image/v2/D4D22AQGwsYzAg-XozA/feedshare-shrink_800/B4DZnNO_GXGwAg-/0/1760084885282?e=1762992000&v=beta&t=wbKCBz8AKWJNbagmDaSJZgKmuSP5SgP_a6kHAy1fcz0,"ğŸ Game On for Indiaâ€™s Fintechs! The Fintech Premier League is here.

For the last few months, weâ€™ve been working on building something truly exciting, and today, itâ€™s finally live! âš¡ï¸

Introducing the Fintech Premier League (FPL) - a first-of-its-kind CXO cricket league bringing together 32 of Indiaâ€™s leading fintechs on one field to celebrate collaboration, competition, and camaraderie.

This has been one of the most fun and meaningful projects Iâ€™ve worked on, seeing founders, CXOs, and teams from across the ecosystem come together not just to play but to connect and build lasting relationships beyond business.

FPL will be played across NCR, Mumbai, and Bangalore, with regional rounds, finals, and a national championship that promises to be as dynamic and spirited as the fintech ecosystem itself.

ğŸ Hereâ€™s to strategy, teamwork, and a healthy dose of rivalry, all in the name of community and sport.
Couldnâ€™t be more thrilled to officially launch the season alongside all 32 incredible team captains!

ğŸ’¬ If youâ€™re curious about the league, partnerships, or want to be part of the action â€” reach out to me. The Fintech Premier League has just begun, and trust me, itâ€™s going to be unforgettable.

ğŸ‘‰ Follow Fintech Premier League
 for all match updates, highlights, and behind-the-scenes moments!

Arpit Ratan Ankit Ratan Paritosh Vatsal Tripathi Shivanshu Gupta Ashishkumar Agarwal Karan Khanna Sagar Thokale Ravi Kant Sharma Anshu Sharma Mahesh Khoba Sudhir Yadav Ashok karna Afshan Ali Khan Ankit Roodra Achin Agarwal Amra Rizvi SUVAM AGARWAL Ashith D Varun Sharma Mohammed A. Aditya Singhal Kashif Malik Subham Sarkar Mohit Bedi Ritwick Bhaduri Naresh Mendan Dhaval Shah Yash Peje Kamta Prasad Suhas Diwakar Zele Sandesh Kunder Ashish Pawar Atul Akash Darshan Gandhi Siddharth Raut Simran Khaneja Vikhyat Mishra Vishesh Yadav",272,14,9,1w,Ankit Ratan reposted this,Sanika Gavankar,https://www.linkedin.com/in/sanikagavankar,https://www.linkedin.com/in/ankitratan/,2025-10-16T16:32:00.000Z,,2025-10-11T00:00:00.000Z,,2025-10-16
https://www.linkedin.com/feed/update/urn:li:activity:7382464393634164736,Image,,https://media.licdn.com/dms/image/v2/D4D22AQEfgepOKtYSQQ/feedshare-shrink_800/B4DZnN4hv3GsAg-/0/1760095795624?e=1762992000&v=beta&t=k6bnvhoMx0KKg01zpacBcf22A1py0iC44eZzvNAgMqU,"This week, we unveiled the trophy that will ignite a season of strategy, grit, and unforgettable moments. From the first ball in NCR to the final showdown, every match will be a testament to the spirit that drives India's fintech revolution.

GAME ON.
32 teams. 3 cities. 1 championship.

The Fintech Premier League isn't just cricket, it's where founders become teammates, CXOs turn into captains, and rivals become brothers in arms.
This is more than a league. This is where competition fuels collaboration, where every six strengthens our community, and where the connections we forge beyond the pitch define our ecosystem.

Bringing this vision to life has been extraordinary. Watching founders, CXOs, and teams across the fintech landscape unite, not just to compete, but to build bonds that transcend boardrooms, reminds us why we do what we do.
This is legacy in the making.

ğŸ† Heartfelt gratitude to our esteemed chief guests:- 
Dr. Dr. Abhijit Phukon, Economic Adviser, Department of Financial Services, Ministry of Finance, Government of India
Mr. Mahaveer Singhvi, Joint Secretary (New Emerging and Strategic Technologies Division), Ministry of External Affairs, Government of India
Mr. Sachin Seth, Chairman, CRIF India
who graced the trophy unveiling and inspired us to kickstart this incredible journey.

ğŸ The trophy is ready. The teams are set.
ğŸ“… First match kicks off: 13th October 2025

ğŸ‘‰ Follow this page for match updates, fixtures, and behind-the-scenes action.

Anirban Mukherjee Dilip Asbe Cheolwon Lee Balachander Sekhar Santosh Agarwal Nalin Negi Nipun Jain Vikkas Goyal Harshil Mathur Nitya Sharma Sambhav Jain Anup Agrawal Pawan Kumar Rai Kunal Shah Sameer Nigam
Patrick Collison Nithin Kamath Nitin Gupta Amrish Rau Suresh Sethi Ranvir Singh Ramkumar Gunasekaran Ketan Patel Aditya B Chatterjee Manish Jain Deepak Jain Bhavik Vasa Ashish Singhal Jamal Akhtar Arpit Ratan Ankit Ratan Sanika Gavankar Shivam Agarwal",401,38,24,1w,Ankit Ratan reposted this,Fintech Premier League,https://www.linkedin.com/company/fintech-premier-league,https://www.linkedin.com/in/ankitratan/,2025-10-16T16:32:00.000Z,,2025-10-10T00:00:00.000Z,,2025-10-16
https://www.linkedin.com/feed/update/urn:li:activity:7371456840888594432,Image,,https://media.licdn.com/dms/image/v2/D5622AQGRvEUqQos1cg/feedshare-shrink_800/B56Zkys6JFKwAk-/0/1757492264801?e=1762992000&v=beta&t=_Eqi54lBTxiNuj0EtqAYsmdQW8CbRpcA0fRTsHlbCCc,"Humbled to join the Jury at the biggest night in fintech. Some of the best Fintech entries this year. 
The Global Fintech Awards 2025 will honour transformative innovation and visionary leaders redefining the future of finance.

ğŸ“… 8th October 2025 | Mumbai
ğŸ”— Register now â€” seats are filling fast: https://lnkd.in/g_9XG_vb

#GlobalFintechAwards #GFA #GFA25",248,4,11,1mo,Post,Ankit Ratan,https://www.linkedin.com/in/ankitratan,https://www.linkedin.com/in/ankitratan/,2025-09-23T16:32:00.000Z,,2025-09-10T00:00:00.000Z,,2025-09-23
https://www.linkedin.com/feed/update/urn:li:activity:7361677268206673921,Text,,,"GPT is a power tool. Judgment is still the main Product manager job.

Iâ€™ve been reviewing a lot of PRDs recently, and Iâ€™ve noticed something worrying.
Some product managers are now using GPT to drive their thinking instead of support it.
The result? Documents that check every box of a PRD templateâ€¦ but are full of confusion. To a junior PM, it looks polished. To an experienced eye, itâ€™s mostly noise.

To be clear: GPT is extremely powerful. We use it daily. But like any power tool, the outcome depends on the craftsperson. When GPT leads, it can produce confident structure without correct substanceâ€”and thatâ€™s hard to detect if youâ€™re early in your career.

Where GPT shines
-Evidence gathering: pull prior art, benchmarks, and user quotes.
-Synthesis: compress interviews/notes into themes and edge cases.
-Exploration: generate alternative framings, risks, and test scenarios.
-Communication: first drafts of release notes, FAQs, checklists.

What you should not outsource
-Problem definition: who is the user, whatâ€™s the job, what hurts now.
-Context + constraints: compliance, data realities, org priorities.
-Prioritization and trade-offs: what we will not build and why.
Decision ownership: success metrics, guardrails, and accountability.

A simple review test I use
Few sentence problem (no AI): if you canâ€™t state it cleanly, youâ€™re not ready to draft.
Evidence trace: every user scenario ties to a source or observation.
Decisions > templates: I look for rationale, not headings.

GPT should amplify your clarity, not simulate it. If the first time you feel â€œclearâ€ is after the AI draft, thatâ€™s a warning sign.
To young professionals (PMs and beyond): master the thinking, then use GPT to accelerate it. Tools compound good judgment; they canâ€™t replace it.
â€” Curious to hear how other product teams are seeing the impact of AI in their world.",101,7,1,2mo,Post,Ankit Ratan,https://www.linkedin.com/in/ankitratan,https://www.linkedin.com/in/ankitratan/,2025-08-24T16:32:00.000Z,,2025-08-14T00:00:00.000Z,,2025-08-24
https://www.linkedin.com/feed/update/urn:li:activity:7350451475837317120,Document,,,"Building a company like Signzy means spending most of my time deep in the world of technology, compliance, AI, and risk. Itâ€™s fast-paced. High-stakes. Constantly evolving.
But thereâ€™s another side to my life â€” much quieter, but just as meaningful.
For the past few years, my family ( Moni Gupta, Aloka Kumar Kulshrestha) has been running an initiative called Seva Setu. Itâ€™s not a startup. Thereâ€™s no pitch deck. No VC funding. Just a simple mission: serve those who are often overlooked â€” children from underserved communities, the elderly in care homes, even animals in need.
This past year, Seva Setu has supported students with study kits, helped children access daily nutritious meals, enabled access to quality education, cared for elders, and looked after cows in gaushalas.
Itâ€™s not loud work, but worth it.
Whenever the intensity of building Signzy feels overwhelming, Seva Setu reminds me of a different kind of impact - one measured not in product metrics or scale, but in human moments. 
Weâ€™ve put together a short annual report to capture some of what weâ€™ve been able to do this year. If youâ€™d like to take a look or just know more, here it is: Seva_Setu_Annual_Report_2024-25
Itâ€™s work that grounds me. And reminds me why we build anything in the first place. Hope this encourages all of us to contribute to society in meaningful ways.
#SevaSetu #Signzy #SocialImpact #Compassion #LeadershipWithHeart #GivingBack",161,22,2,3mo,Post,Ankit Ratan,https://www.linkedin.com/in/ankitratan,https://www.linkedin.com/in/ankitratan/,2025-07-25T16:32:00.000Z,,2025-07-14T00:00:00.000Z,,2025-07-25
https://www.linkedin.com/feed/update/urn:li:activity:7347938265859018755,Image,,https://media.licdn.com/dms/image/v2/D5622AQFLx3pNw9rSzQ/feedshare-shrink_800/B56ZfVckxbG0Ag-/0/1751632729390?e=1762992000&v=beta&t=F4zVPHONZ5et0p9ah0BpRj_KPdGBng1xwdMXr5VZfDs,"Gartner just put us on the map ğŸ“ 
Signzy has been featured in the Gartner Market Guide for KYC Platforms for Banking!

And weâ€™re the only Indian company to make it to the list! ğŸ‡®ğŸ‡³

This recognition isnâ€™t just a badge of honor; itâ€™s proof that weâ€™re making KYC effortless, secure, and future-ready for banks and fintechs everywhere.

What brought us here? 

Our game-changing One Touch KYC platform :)
 â€¢ Onboard customers in seconds, not days 
 â€¢ AI-powered verification and real-time risk checks 
 â€¢ Seamless, mobile-first experience built for scale

A huge thank you to our incredible team, partners, and clients for believing in innovation that truly changes the game.

Hereâ€™s to many more milestones.
Let's go one touch at a time! ğŸš€

Ankit Ratan, Arpit Ratan, Saurin Parikh, Kaushil Kachhela, Ashishkumar Agarwal, Shivanshu Gupta, Paritosh Vatsal Tripathi, Shivam Agarwal
Dheeraj Devata Himanshu Jain Imran Jafar Alok Goyal Sampath P Ankur Pandey Ayush Jain Bala Srinivasa Mukund Kothari Padma Balaji Piyush Kharbanda",222,17,30,3mo,Ankit Ratan reposted this,Signzy,https://www.linkedin.com/company/teamsignzy,https://www.linkedin.com/in/ankitratan/,2025-07-25T16:32:00.000Z,,2025-07-07T00:00:00.000Z,,2025-07-25
https://www.linkedin.com/feed/update/urn:li:activity:7346592512477667329,Image,,https://media.licdn.com/dms/image/v2/D5622AQGwWIGwnhSLsw/feedshare-shrink_800/B56ZfO_m2.HEAk-/0/1751524472242?e=1762992000&v=beta&t=zmp7Ix-PisqSPGFbdrsK2vbO6vJwM-IfDruutUkrLvQ,"A few months back, a US fintech came to us with a simple ask: â€œOur KYC is solid. But our conversions are tanking.â€
Turns out, even when you check all the compliance boxes, users can still drop offâ€”especially when verification flows donâ€™t flex.
That got us thinking: What if we built something that didnâ€™t just verify identities, but also adapted to them?
ğŸš€ Fast forward to today: Signzy now offers a Full-Stack KYC Waterfall for the USA ğŸ‡ºğŸ‡¸
It covers every major methodâ€”so if one fails, another kicks in:
â€¢ Credit Bureau
 â€¢ Telco signals
 â€¢ Public & Residential Records
 â€¢ Data pre-fill (telco + alternate)
 â€¢ One-touch doc-based KYC with biometrics
You can mix and matchâ€”go docless, or hybrid, or a smart 2x2 setup.
Want to add AML? IP signals? Risk scoring on email or phone? It's all doable.
 And yes, both real-time APIs and redirect flows are supported.
Why this matters:
 ğŸ“ˆ Clients using all 5 layers now see >99% onboarding completionâ€”without giving an inch on compliance.
Itâ€™s not just KYC. Itâ€™s conversion-first identity infrastructure.
 Letâ€™s talk if you're building in the US ğŸ‡ºğŸ‡¸
#Signzy #KYC #Onboarding #Fintech #Compliance #RegTech #USA

Ankit Ratan Ankur Pandey Gaurav Gupta Kaushil Kachhela Vartika Katara Yashdeep Agarwal Udit Jeswani Vamsi Yelamarthi Shivam Agarwal Tanya Narayan @ayush kaul Alok Goyal Bala Srinivasa Gopal Jain Piyush Kharbanda

Kalaari Capital Arkam Ventures Gaja Capital Stellaris Venture Partners Vertex Ventures SE Asia & India",92,5,12,3mo,Ankit Ratan reposted this,Arpit Ratan,https://www.linkedin.com/in/arpit-ratan-a2aaa420,https://www.linkedin.com/in/ankitratan/,2025-07-25T16:32:00.000Z,,2025-07-03T00:00:00.000Z,,2025-07-25
https://www.linkedin.com/feed/update/urn:li:activity:7339139928167018499,Image,,https://media.licdn.com/dms/image/v2/D5622AQGUyN1-M4uQvQ/feedshare-shrink_800/B56ZdendpNG0Ag-/0/1749639095488?e=1762992000&v=beta&t=i4M0jifJUBAPQ7IIhcjGH1i39GS-24osidBpG6WvePk,"From credit scores to cricket scores! ğŸ“‰ğŸ“ˆ
Itâ€™s officially game time!

Weâ€™re excited to share that Signzy is the official sponsor of Pitch Report: Credit Meets Claims, where lenders and insurers step off their dashboards and onto the pitch for the ultimate fintech face-off! ğŸ

Join us for a power-packed morning of runs, teamwork, and cross-industry insights!

ğŸ“ CTIC Town, Gurugram
 ğŸ—“ï¸ 5th July | 6:00 AM IST

Registrations are now open! Lock in your spot!

Indian Financial Forum || à¤‡à¤‚à¤¡à¤¿à¤¯à¤¨ à¤«à¤¾à¤‡à¤¨à¥‡à¤‚à¤¶à¤¿à¤¯à¤² à¤«à¤¼à¥‹à¤°à¤® | India Insurtech Association 

#PitchReport #CreditMeetsClaims #signzysponsors #fintechleague

Pankaj Bansal Aseem Duggal Arpit Ratan Fareed Syed Gagan Aggarwal Hardit Lamba Devansh Pateria Mayank Sharma Narayanan Kannan Rohit Garg Sameer Jain Shaleen Ahuja Vineet Ranjan à¤…à¤­à¤¿à¤·à¥‡à¤• à¤µà¤¾à¤°à¥à¤·à¥à¤£à¥‡à¤¯ Abhishek Varshney Sachin Aggarwal Prabal Khanna Prerak Sethi Aishwarya Yadav Mohit Sharma Colin Fernandes Sanika Gavankar Arnab Dutta Prerak Sethi Shwetank Verma Subhajit Mandal, CFA Rajat Sharma Sumit Ramani Amit Tiwari Sunil Padasala, FIA, FIAI Sunder Krishnan Khushboo Aggarwal Rahul Nawab Prasad Krishnamorthy Mahavir Chopra Shobha Arora Rahul Mehay Tanvi Sachdeva Anu Singh",76,2,4,4mo,Ankit Ratan reposted this,Signzy,https://www.linkedin.com/company/teamsignzy,https://www.linkedin.com/in/ankitratan/,2025-06-25T16:32:00.000Z,,2025-06-13T00:00:00.000Z,,2025-06-25
https://www.linkedin.com/feed/update/urn:li:activity:7338026920304922624,Image,,https://media.licdn.com/dms/image/v2/D5622AQGSXnDlbv7bzA/feedshare-shrink_800/B56ZdXolr_G0Ao-/0/1749521950549?e=1762992000&v=beta&t=y2cV9Py6v0MfG6iAy4uw6IoqGoQG25FyPOfLWBUFe3k,"ğŸ§  Are LLMs just pattern matchers? A recent debate has reignited this foundational AI question.

It started with an Apple research paper that argued todayâ€™s AI systemsâ€”including large language modelsâ€”are not truly â€œreasoning.â€ Theyâ€™re just doing statistical pattern matching at scale. No abstraction, no understanding, no causalityâ€”just very good autocomplete.

In response, Ilya Sutskever (co-founder of OpenAI) delivered a lecture where he flipped the script:

> â€œOur brains are also just giant pattern matchers.â€



His point? Intelligence doesnâ€™t require symbolic logic or explicit reasoning steps. The human brain learns from patterns tooâ€”associations, reinforcement, feedback. And LLMs are perhaps walking the same evolutionary path, just digitally.

But hereâ€™s a missing piece that neither side emphasizes enough:
The substrate matters.

ğŸ§  Human brains are massively parallel, analog, and energy efficient. Neurons can fire with infinite gradations, and billions of them operate simultaneously. Pattern matching in the brain can involve emotional nuance, parallel thoughts, and contextual awarenessâ€”all happening together.

ğŸ’» AI systems, on the other hand, run on silicon chips. Even with GPUs and TPUs, theyâ€™re fundamentally linear, digital, and binary. A transistor can be ON or OFF. Parallelism is simulated, and multitasking is expensive. When an LLM generates a sentence, it's not juggling multiple perspectives in the way a human doesâ€”itâ€™s walking one path at a time, very fast.

So yes, maybe both brains and LLMs are pattern matchers.
But only one of them is doing it in wetware, with organic nuance and infinite resolution. The other is stuck in silicon.

And perhaps, that difference still matters more than we think.",38,2,0,4mo,Post,Ankit Ratan,https://www.linkedin.com/in/ankitratan,https://www.linkedin.com/in/ankitratan/,2025-06-25T16:32:00.000Z,,2025-06-10T00:00:00.000Z,,2025-06-25
https://www.linkedin.com/feed/update/urn:li:activity:7333331936754487297,Text,,,"RegTech isnâ€™t just another fintech vertical - itâ€™s quietly becoming the connective tissue of global finance.
Spoke more about this in my recent article for Elets Banking and Finance  (linked in the first comment)
Two pivotal points that jumped out:
-Ten years ago, a cross-border onboarding flow took days and a war room of analysts. Today, a well-trained model can clear a customer in under five minutes and still spot the deepfake hiding behind a doctored passport photo.
-Also, this shift isnâ€™t only about speed; itâ€™s about who gets to build. When rules can be codified and updated in software, compliance moves from a cost centre to a product feature. Suddenly regional banks, credit unions, even niche fintech apps can launch globally without blowing up their risk budget.
Will soon share more stats and stories around this!
Signzy 
Until then, enjoy the article (first comment) ğŸ‘‡",100,6,0,4mo,Post,Ankit Ratan,https://www.linkedin.com/in/ankitratan,https://www.linkedin.com/in/ankitratan/,2025-06-25T16:32:00.000Z,,2025-05-28T00:00:00.000Z,,2025-06-25
https://www.linkedin.com/feed/update/urn:li:activity:7322529575165472768,Document,,,"Grateful to have a few thoughts featured in the Emerging Payments Association Asia report launched last week at Money20/20 Asia.

EPAAâ€™s report does a great job capturing the momentum in Indiaâ€™s digital payments landscapeâ€”not just trends, but the real energy shaping the future.

I had the chance to share a small perspective on something I care deeply about: how trust, compliance, and regtech are evolving in our region. As payments become faster and more seamless, the invisible infrastructure of identity and fraud prevention becomes even more important.

At Signzy, weâ€™ve been quietly working behind the scenes to build that infrastructureâ€”helping banks and fintechs onboard customers with trust, speed, and security. Itâ€™s encouraging to see these conversations gaining more attention.

Thank you to Monica Jasuja and Camilla Bullock at EPA for the thoughtful dialogue and for including Signzy as one of the voices from India.

A few striking numbers from the report:

Digital payment transaction volumes have grown 573x between 2005 and 2024.

The number of banks live on UPI has grown from 21 in 2016 to 661 in 2025.

UPI transaction value has soared from â‚¹69.53 billion in 2016â€“17 to a projected â‚¹275 trillion in 2024â€“25.


To everyone at Money20/20 Asiaâ€”thereâ€™s still so much work ahead. Itâ€™s an exciting time for Indiaâ€™s digital journey.

#Money2020Asia #EmergingMarkets #Fintech #Signzy #DigitalIdentity #Compliance #KYC",93,4,7,5mo,Post,Ankit Ratan,https://www.linkedin.com/in/ankitratan,https://www.linkedin.com/in/ankitratan/,2025-05-26T16:32:00.000Z,,2025-04-28T00:00:00.000Z,,2025-05-26
https://www.linkedin.com/feed/update/urn:li:activity:7320513076108103681,Article,,,"From 10 to 200+ Engineers: What We Learned While Scaling Engineering at Signzy
Building a company is hard.
 Scaling the engineering team while keeping the culture intact? Even harder.
At Signzy, we made a conscious effort to grow not just in numbers, but in how we learn, automate, share knowledge, and stay people-first.
In this blog, Iâ€™ve shared a few key experiencesâ€”from automating away our API delivery bottlenecks, to building a culture where debugging gets faster, not harder, and where learning is part of the job, not an afterthought.

Would love to hear your thoughts, especially from fellow engineering leaders and startup folks.
Ankit Ratan Ankur Pandey
Abhi Talari Rajdeep Sharma Ishu Singhal

#EngineeringCulture #StartupLeadership #TechScaling #DeveloperProductivity #Automation #Signzy",5,0,0,6mo,Post,Ankit Ratan,https://www.linkedin.com/in/ankitratan,https://www.linkedin.com/in/ankitratan/,2025-04-26T16:32:00.000Z,,2025-04-22T00:00:00.000Z,https://medium.com/p/signzy-engineering-culture-from-10-to-200-57d7b96e1afb?source=social.linkedin&_nonce=Fax6aZDz,2025-04-26
https://www.linkedin.com/feed/update/urn:li:activity:7320512518563528706,Text,,,"For last few years, we have been quietly building a global #kyc app.

Today Signzys OneTouch KYC is the most comprehensive and simple way to do KYC globally.

One single interface allows an Organisation to-
â€¢ Read and identify IDs for 180+ countries 
â€¢ Verify the information using local database in 100+ countries
 â€¢ Check for liveliness
â€¢ Prevent #frauds from #syntheticID and #deepfakes
â€¢ Perform #AML checks compliant with FATF
â€¢ Consent mechanism compliant with #gdpr and consent laws in multiple jurisdiction
â€¢ Provide dashboard for audit and exception handling
â€¢ Out of the box world-class UI with ability to customize as per branding guidelines.

We now have 50+ customers globally who have moved from their legacy ID providers to the most advanced ID system of Signzy. You can go live without integration or writing a single line of code. Making it super easy for teams to switch. 

If you are facing challenges with your current KYC provider or see #genai as a challenge to your current legacy KYC system. Come talk to us to build a future proof KYC system

Saurin Parikh Ankit Ratan Ankur Pandey Kaushil Kachhela",211,18,11,6mo,Ankit Ratan reposted this,Arpit Ratan,https://www.linkedin.com/in/arpit-ratan-a2aaa420,https://www.linkedin.com/in/ankitratan/,2025-04-26T16:32:00.000Z,,2025-04-22T00:00:00.000Z,,2025-04-26
https://www.linkedin.com/feed/update/urn:li:activity:7317405795963269120,Image,,https://media.licdn.com/dms/image/v2/D5622AQHImz1jn31EEQ/feedshare-shrink_800/B56ZYylx36GUAk-/0/1744605490924?e=1762992000&v=beta&t=k4VXlwPEDcpRiXDCkrx_Cndsv9xhLl1LovZkzIm_vxg,"API vs MCP vs A2A â€” Whatâ€™s the Difference, and Why It Matters
Thereâ€™s a lot of buzz around new AI frameworks like MCP and A2A, and many people are asking â€” how are these different from traditional APIs?

Letâ€™s break it down with simple examples:
1. APIs (Application Programming Interfaces)
 APIs are how different apps talk to each other â€” especially when theyâ€™re owned by different teams or companies.
Example:
 Your app wants to check the credit score of a user. You hit an external credit bureauâ€™s API, which returns a score.
 The bureau decides what data to expose, how often, and in what format.
APIs are great for external world integration â€” clean, secure, versioned. But they require agreement, documentation, and often strict access control.
 You donâ€™t see whatâ€™s behind the curtain â€” you just use whatâ€™s offered.

2. MCP (Model-Context Protocol)
 Introduced by Anthropic, MCP allows LLMs to interact with external tools and data via a standardized interface. Itâ€™s still a one-model world, but you feed it structured access to plugins and databases.
Example:
 An LLM helping a customer support agent might use MCP to look up order history, check return status, or send a refund â€” all through tools connected via this common protocol.
MCP is about making a single AI model smarter by giving it controlled access to context and tools.
 It reduces the need to hard-code every integration.

3. A2A (Agent-to-Agent Framework)
 This is where things shift from integration to collaboration. With A2A, different AI agents can talk to each other, negotiate, and complete tasks together â€” even across systems â€” without needing formal APIs exposed.
Example:
A lightweight agent on your app checks user inputs
It passes the data to a document-verifying agent
That agent flags inconsistencies and triggers a risk-check agent
All this happens internally, without each system exposing APIs or standardizing requests
Itâ€™s like RPA â€” but no humans in the loop, and far more intelligence.

The Big Shift
API: You tell me what you expose, and Iâ€™ll write code to use it.
MCP: Iâ€™m one smart AI, and I know how to use tools if you give me handles.
A2A: Iâ€™m part of a team of smart agents. Weâ€™ll talk, figure it out, and get the job done â€” no need to call IT to expose a new API.

This opens up exciting new possibilities:
-Teams donâ€™t have to standardize every backend operation into an API
-On-device agents can handle more on the edge
-Internal workflows become more autonomous and scalable

The AI architecture of the future wonâ€™t be a single genius model â€” itâ€™ll be a team of capable agents talking to each other.
Let me know what you think â€” or if youâ€™ve started playing with these ideas. Would love to hear more use cases.",117,20,5,6mo,Post,Ankit Ratan,https://www.linkedin.com/in/ankitratan,https://www.linkedin.com/in/ankitratan/,2025-04-26T16:32:00.000Z,,2025-04-14T00:00:00.000Z,,2025-04-26
https://www.linkedin.com/feed/update/urn:li:activity:7316131223330779136,Image,,https://media.licdn.com/dms/image/v2/D5622AQHdCiRXBF6D4Q/feedshare-shrink_800/B56ZYgek1RHEAk-/0/1744301609440?e=1762992000&v=beta&t=Zg5QE9f7YlsGHK71iJW8qqXHLaZYCxk6Es4VzoG0JME,"Google just launched something interesting in the AI space called A2A (Agent-to-Agent). Itâ€™s a framework where different AI agents can talk to each other, work together, and check each otherâ€™s work.
Instead of one big model doing everything, A2A lets multiple smaller agents handle different tasks â€” like writing code, reviewing it, and deciding what to do next. Kind of like how real teams operate.
Whatâ€™s exciting here is that this is not just about breaking one prompt into parts (like MCP does). In MCP, you're still driving one model to do multiple tasks in a structured way â€” like giving it a checklist. But with A2A, you're creating actual independent agents, each focused on their own specialty, talking and collaborating like co-workers. Itâ€™s a more modular, flexible setup.
Another interesting angle: A2A could enable lightweight agents on the edge (like inside your mobile app) to talk to more powerful agents running on the backend. That could mean faster responses, less data transfer, and better privacy â€” especially useful in customer-facing apps.
In the customer onboarding space, this opens up a lot. You often need:
One agent to recommend the right financial product
Another to verify documents and extract data
A third to assess customer risk
With A2A, these specialized agents can be trained once and reused across different workflows â€” no need to build new agents or clunky rule-switching logic every time something changes.
Weâ€™re exploring how this could help improve our own onboarding and document automation flows. Early days, but it feels like a solid step toward building smarter, more adaptable AI systems.",113,9,2,6mo,Post,Ankit Ratan,https://www.linkedin.com/in/ankitratan,https://www.linkedin.com/in/ankitratan/,2025-04-26T16:32:00.000Z,,2025-04-10T00:00:00.000Z,,2025-04-26
https://www.linkedin.com/feed/update/urn:li:activity:7313922402642546688,Text,,,"Beyond Fancy Ice Creams: A Wake-Up Call for Indiaâ€™s Innovation Ecosystem

Union Minister Piyush Goyal recent remarks at Startup Mahakumbhâ€”mentioning â€œfancy ice creamsâ€ and â€œhyperfast groceriesâ€â€”sparked strong reactions across Indiaâ€™s startup world.

But perhaps the criticism should be seen less as dismissal and more as deliberate tough love. Goyal, one of Indiaâ€™s most effective communicators, likely chose his words to provoke reflectionâ€”not discourage innovation. Like a parent urging a child to aim higher, his message is clear: India must prioritize deep tech innovation if it wants to lead globally.

While consumption-driven startups have created jobs, attracted FDI, and modernized services, they often reorganize existing spending patterns rather than build long-term capability. True nation-changing innovationâ€”semiconductors, robotics, EVs, AIâ€”requires patient investment, research, and ecosystem-wide support.

Countries like South Korea (electronics), Israel (cybersecurity), and China (EVs & automation) made deliberate, long-term bets on deep techâ€”and are reaping the benefits.

The responsibility doesnâ€™t lie with founders alone. Government, academia, investors, and corporate leaders must work in concert. That means more public funding for research, deeper academia-industry collaboration, and a culture that celebrates solving hard problemsâ€”not just scaling fast.

India doesnâ€™t need to abandon consumer innovation. But we must balance it with bold, future-defining bets. The next chapter of our startup story should be about building the technology the world usesâ€”not just delivering it faster.

If this speech makes us pause and ask: What kind of innovation will define India in 2047?, then it has served its purpose.

Letâ€™s celebrate our progressâ€”but also raise our ambitions.",71,8,1,6mo,Post,Ankit Ratan,https://www.linkedin.com/in/ankitratan,https://www.linkedin.com/in/ankitratan/,2025-04-26T16:32:00.000Z,,2025-04-04T00:00:00.000Z,,2025-04-26
https://www.linkedin.com/feed/update/urn:li:activity:7313475867735638016,Image,,https://media.licdn.com/dms/image/v2/D5622AQFu4C_ZNiQdbA/feedshare-shrink_800/B56ZX6vh._GsAo-/0/1743668519382?e=1762992000&v=beta&t=J_WU-Z0-3JuuwgjsWg7B03kDyJxxqGxKoiSQ3dAEwMQ,"ğŸš€ How UPI Killed Splitwise in India (But Itâ€™s Still Alive in the US!) ğŸ’¸
Remember the days when splitting a bill meant long calculations, awkward reminders, and the dreaded ""I'll pay you later"" texts? Apps like Splitwise thrived because paying back was a painâ€”logging into a bank on a desktop, adding payees, and waiting for transfers to process.
Then came UPI in Indiaâ€”and overnight, bill-splitting apps became almostâ€¦ irrelevant. ğŸ’€
ğŸ“Š UPI Revolution in Numbers:
 âœ… 8.9 billion transactions in April 2024 ğŸš€
 âœ… 85%+ market share dominated by PhonePe & Google Pay
 âœ… Instant, 24/7 transfers with no need for third-party apps
Now, you just scan, pay, and move onâ€”no need to ""split later"" when you can pay instantly. Apps like PhonePe and Google Pay even offer built-in bill-splitting features.
Meanwhile, in the USâ€¦ ğŸ‡ºğŸ‡¸
 Without a widely adopted real-time payment system like UPI, apps like Splitwise, Venmo, and SettleUp still thrive. People track expenses, send Venmo requests, and wait for money to land in their bank accounts.
ğŸ’¡ Lesson?
 Tech adoption isnâ€™t just about innovationâ€”itâ€™s about removing friction. India leapfrogged the bill-splitting era by making payments instant, while the US still leans on dedicated apps.
What do you think? Will the US see a UPI-like disruption, or will Splitwise & Venmo stay strong? Letâ€™s discuss! ğŸ‘‡",69,13,4,6mo,Post,Ankit Ratan,https://www.linkedin.com/in/ankitratan,https://www.linkedin.com/in/ankitratan/,2025-04-26T16:32:00.000Z,,2025-04-03T00:00:00.000Z,,2025-04-26
https://www.linkedin.com/feed/update/urn:li:activity:7311007073788379136,Document,,,"Some legacies arenâ€™t just remembered, theyâ€™re lived every single day.

For 90 years, the Reserve Bank of India (RBI) has done just that. Quietly shaping the way India banks, transacts, and trusts its financial system.

From coins in our pockets to the tap of a phone, the RBIâ€™s journey is stitched into the fabric of our daily lives.

As we continue celebrating #RBIWeek at Signzy, todayâ€™s spotlight is on the milestones that made this institution a force of stability, innovation, and progress â€” one policy at a time.

Whether it was introducing Asiaâ€™s first deposit insurance to protect small depositors, driving credit towards agriculture and small businesses through priority sector lending, or nationalizing banks to make financial services accessible to millions â€” each milestone shaped the way India banks today ğŸ’ª

In recent years, the RBI has continued to adapt â€” enabling UPIâ€™s rapid growth into a global payments benchmark, making onboarding simpler with Video KYC, and exploring the future of money through digital currency pilots. Its scale-based framework for NBFC regulation and the formation of the Monetary Policy Committee have further strengthened the systemâ€™s resilience.

Through changing times and new challenges, the RBIâ€™s role has remained clear â€” enabling progress while safeguarding stability 

Let's dive deeper in their journey ğŸ‘‡

#90YearsOfRBI #SignzyRBIWeek #RBI90Years",63,3,3,6mo,Ankit Ratan reposted this,Signzy,https://www.linkedin.com/company/teamsignzy,https://www.linkedin.com/in/ankitratan/,2025-04-26T16:32:00.000Z,,2025-03-27T00:00:00.000Z,,2025-04-26
https://www.linkedin.com/feed/update/urn:li:activity:7303754805837996032,Image,,https://media.licdn.com/dms/image/v2/D5622AQGfrPgNEDxP4w/feedshare-shrink_800/B56ZVqXNXCGoAo-/0/1741246226316?e=1762992000&v=beta&t=GghuyxZ3vRGwR4kV8SewsD7KN_kiaMr9td-nbtBWksM,"RBIâ€™s MNRL Mandate: Time is running out! â³

Fraudsters are always innovating, and one of their favorite tricks is hijacking mobile numbers to bypass OTPs and access bank accounts. 

To tackle this, RBI now requires banks and NBFCs to check the Mobile Number Revocation List (MNRL) before approving high-risk transactions ğŸ’³

With the March 31 deadline approaching, youâ€™ll need a secure, real-time solution that ensures compliance without adding friction for customers.

3 solid reasons why you should partner with Signzy for MNRL compliance:

â­ï¸ Stay secure: Instantly flag or remove disconnected or deactivated numbers ensuring clean databases and audit-ready compliance.

â­ï¸ No manual effort: Our API integrates smoothly into your existing verification workflows with zero disruptions.

â­ï¸ Trust the right data: Signzyâ€™s MNRL API connects directly with reliable sources for the most accurate, up-to-date information.

At Signzy, we believe compliance should be effortless and effectiveâ€”connect with our team at https://lnkd.in/gvQdaSZB to learn more!

#MNRL #RBICompliance #FraudPrevention #Signzy #FinancialSecurity",62,3,8,7mo,Ankit Ratan reposted this,Signzy,https://www.linkedin.com/company/teamsignzy,https://www.linkedin.com/in/ankitratan/,2025-03-27T16:32:00.000Z,,2025-03-07T00:00:00.000Z,,2025-03-27
https://www.linkedin.com/feed/update/urn:li:activity:7303268550046060544,Text,,,"The Modern Sudoku: Spotting AI-Generated Fakes in a Digital World ğŸ§©ğŸ”

Remember the feeling of solving a tricky Sudoku puzzle? You analyze patterns, rule out impossibilities, and use logic to find whatâ€™s real.
Now, imagine that game applied to every image you see online.
From too-perfect cityscapes to flawless portraits, AI-generated images are becoming harder to distinguish from reality. But just like Sudoku, spotting them is about identifying inconsistencies:
âœ”ï¸ A street with warped reflections? AI-generated.
âœ”ï¸ A celebrity in a bizarre setting, yet with perfectly even lighting? Likely fake.
âœ”ï¸ Hands with extra fingers or earrings that donâ€™t match? Classic AI slip-ups.
As deepfake and generative AI tools improve, the real challenge isnâ€™t just creating imagesâ€”itâ€™s detecting them. And while AI-generated content can be fun and creative, it also raises big questions about misinformation, authenticity, and trust.
The next time an image makes you pause, treat it like a puzzleâ€”because in todayâ€™s digital world, verification is the new problem-solving skill.
Have you ever spotted an AI-generated image in the wild? What gave it away? Letâ€™s discuss! ğŸ‘‡
#AI #Deepfakes #Misinformation #TrustInTech #MachineLearning",33,2,1,7mo,Post,Ankit Ratan,https://www.linkedin.com/in/ankitratan,https://www.linkedin.com/in/ankitratan/,2025-03-27T16:32:00.000Z,,2025-03-06T00:00:00.000Z,,2025-03-27
https://www.linkedin.com/feed/update/urn:li:activity:7293254227081011200,Image,,https://media.licdn.com/dms/image/v2/D5622AQFvtWIcyEMmgw/feedshare-shrink_800/B56ZTUd0h8HQAg-/0/1738731375354?e=1762992000&v=beta&t=XSTEFLCWXAHNR83BgN2lE5jS6rHPIFoEVR69EkJbUEw,"And it begins!
We're all set at Booth A 08-09, and weâ€™ve got something for everyone :)

âœ… An eager team
âœ… Innovative product demos 
âœ… Games and goodies
âœ… Session recommendations

And a lot more!

Swing by when you can, and weâ€™ll take it from there. 
Looking forward to seeing you!

ğŸ“ Venue: JW Marriott, Sahar, Mumbai
ğŸª Signzyâ€™s Booth: A 08-09

Team Signzy: Ankit Ratan | Arpit Ratan | Ashishkumar Agarwal | Kamal Narang | Shivanshu Gupta | Paritosh Vatsal Tripathi Sanika Gavankar | Shrushti Chavan | Phaneendra Tenneti | Nishant Raghav | Gayatri Paranjape | Akshay Khadye | Swapneel Kulkarni | Kritika Saxena | Dhruv Shah Udit Singh | Simin Raveendran | Vaibhav Sharma | Shivam Agarwal | Tanya Narayan | Shitij Bhardwaj | Tripurari Jha | Harjot Baweja ğŸš´ | Yogita Gore | Saurabh Mehta | Shrushti Chavan

The Digital Fifth | Bharat Fintech Summit",152,0,9,8mo,Ankit Ratan reposted this,Signzy,https://www.linkedin.com/company/teamsignzy,https://www.linkedin.com/in/ankitratan/,2025-02-25T16:32:00.000Z,,2025-02-06T00:00:00.000Z,,2025-02-25
https://www.linkedin.com/feed/update/urn:li:activity:7290616777523232769,Image,,https://media.licdn.com/dms/image/v2/D4D22AQGfKwDkKuPDxQ/feedshare-shrink_800/B4DZSs27Z4HAAk-/0/1738066871453?e=1762992000&v=beta&t=oYJGQAR9AqbcOBU7mq1R4Gum4CzjJ5Y8cGE46MAAMe4,"7 Days to Go for Bharat Fintech Summit presented by The Digital Fifth and powered by Signzy: As we prepare for the deepest content focused Fintech event, my sincere thanks to the partners for supporting and guiding us.

Our partners are:
TransBnk - Transaction Banking Platform : CXO Dinner Partner
Zaggle: Lanyard partner
Perfios: Technology partner
FinBox: BaaS Technology partner
Google Cloud: Cloud Partner
Cashfree Payments: KYC Partner
Veefin: Awards Partner
Falcon: Banking Technology Partner
CRIF India: Insights Partner
50Fin: Secured Lending Partner
Yubi: Credit Segment Partner
IDfy: Onboarding Partner
LeadSquared: CRM Partner
86400 (An Initiative By Mobileware Technologies): Paytech Partner
GLIB: AI Partner
OneCard: Premier Partner
Kyndryl India: Banking Partner
Finfactor: Analytics Partner
SID Global Solutions: Transformation Partner
PiceÂ®: B2B Payments Partner
Pennant Technologies Private Limited: Lending Tech Partner
Data Sutram: Beverage Partner
Cockroach Labs: Cloud Native Database Partner
HyperVerge: FinLLM Partner
Posidex Technologies: Privacy Enhanced Data Partner
In-Solutions Global Ltd: Switching Partner

Looking forward to learning from each of our partners.

ğŸ‘‰ Secure your spot today! Use code REPUBLIC20 to get 20% OFF on the Gold Pass.
ğŸ”— https://lnkd.in/dUx4nVdR

Ankit Ratan Arpit Ratan Vaibhav Tambe Raj Narayanam Sabyasachi Goswami Rajat Deshpande Reeju Datta Raja Debnath 
Sreekant Rudrabhatla Shashank Shekhar Vikrant Kulkarni
#fintech #digitallending #digitalpayments #payments",114,0,12,8mo,Ankit Ratan reposted this,Sameer Singh Jaini,https://www.linkedin.com/in/ssjaini,https://www.linkedin.com/in/ankitratan/,2025-02-25T16:32:00.000Z,,2025-01-30T00:00:00.000Z,,2025-02-25
https://www.linkedin.com/feed/update/urn:li:activity:7285566487304531968,Image,,https://media.licdn.com/dms/image/v2/D5622AQH4KlcR0A3JRg/feedshare-shrink_800/B56ZRt8KYaHoAg-/0/1737011278123?e=1762992000&v=beta&t=nfMsvvwXDyNG6NfcpTLLbnFBSbU4eXO5JqwIVZ88BXQ,"Only a few hours to go â³

Amongst the excitement and bustle of India Digital Summit â€˜25, hereâ€™s a speaker session you definitely shouldnâ€™t miss!

Moderated by our CEO and co-founder, Ankit Ratan, the panel of industry veterans will break down data security in the digital world.

Weâ€™re sure youâ€™ll walk away with tons of insights about the industry, and actionables for your own business ğŸ“ˆ

ğŸ—“ Date: 17th January, 2025
ğŸ“Venue: Studio 5 - Hotel Andaz
ğŸ•¤ Time: 12.40 p.m. - 1.20 p.m

ğŸªSignzyâ€™s Booth: P-31, Pullman Aerocity

Panel Speakers: Amit Mathur | Ambuj Bhalla | Himanshu Kumar Das

#ids2025 #speakersession #fintechevents #signzy #cred #jio #bharatpe #indiadigitalsummit",71,1,7,9mo,Ankit Ratan reposted this,Signzy,https://www.linkedin.com/company/teamsignzy,https://www.linkedin.com/in/ankitratan/,2025-01-26T16:32:00.000Z,,2025-01-16T00:00:00.000Z,,2025-01-26
