postUrl,imgUrl,type,postContent,likeCount,commentCount,repostCount,postDate,action,author,authorUrl,profileUrl,timestamp,viewCount,postTimestamp,videoUrl,sharedPostUrl
https://www.linkedin.com/feed/update/urn:li:activity:7380104504672854016,https://media.licdn.com/dms/image/v2/D4D22AQEUIvTNaxWRhw/feedshare-shrink_800/B4DZmtloU7H0Ag-/0/1759553947866?e=1763596800&v=beta&t=ZsRlg53QBmQyhNBy6yiNVpBRF9tQN9zzlcuVGqgkXUM,Image,"In B2B fintechs, building the â€œnext productâ€ is often the hardest decision.

Itâ€™s not enough to say we can build it, so letâ€™s build it. The real question is: ğ—¶ğ˜€ ğ—¶ğ˜ ğ—°ğ—¼ğ—ºğ—½ğ—¹ğ—²ğ˜… ğ—²ğ—»ğ—¼ğ˜‚ğ—´ğ—µ, ğ—®ğ—»ğ—± ğ˜ƒğ—®ğ—¹ğ˜‚ğ—®ğ—¯ğ—¹ğ—² ğ—²ğ—»ğ—¼ğ˜‚ğ—´ğ—µ, ğ—³ğ—¼ğ—¿ ğ—½ğ—®ğ—¿ğ˜ğ—»ğ—²ğ—¿ğ˜€ ğ˜ğ—¼ ğ—°ğ—µğ—¼ğ—¼ğ˜€ğ—² ğ˜‚ğ˜€ ğ—¼ğ˜ƒğ—²ğ—¿ ğ—¯ğ˜‚ğ—¶ğ—¹ğ—±ğ—¶ğ—»ğ—´ ğ—¶ğ˜ ğ˜ğ—µğ—²ğ—ºğ˜€ğ—²ğ—¹ğ˜ƒğ—²ğ˜€?

Thatâ€™s why in infrastructure businesses like ours, embracing complexity is not optionalâ€”itâ€™s the moat. A fintech will only adopt a new layer from us if they believe weâ€™ve invested the time, scale, and depth that would otherwise take them months (or years) to replicate.

Sometimes this means building ahead of demand. When we started with digital FDs, the market wasnâ€™t loudly asking for it. But we had to forecast the need, invest deeply, and become the lead indicatorâ€”so that by the time the demand arrived, the infrastructure was ready.

The same holds for our future products. Itâ€™s not about speed alone. Itâ€™s about ğ—¯ğ—²ğ—¶ğ—»ğ—´ ğ—²ğ—®ğ—¿ğ—¹ğ˜†, ğ—¯ğ—²ğ—¶ğ—»ğ—´ ğ—±ğ—²ğ—²ğ—½, ğ—®ğ—»ğ—± ğ—¯ğ˜‚ğ—¶ğ—¹ğ—±ğ—¶ğ—»ğ—´ ğ—²ğ—»ğ—¼ğ˜‚ğ—´ğ—µ ğ—°ğ—¼ğ—ºğ—½ğ—¹ğ—²ğ˜…ğ—¶ğ˜ğ˜† ğ˜ğ—µğ—®ğ˜ ğ—½ğ—®ğ—¿ğ˜ğ—»ğ—²ğ—¿ğ˜€ ğ˜€ğ—²ğ—² ğ˜‚ğ˜€ ğ—®ğ˜€ ğ˜ğ—µğ—² ğ—±ğ—²ğ—³ğ—®ğ˜‚ğ—¹ğ˜ ğ—°ğ—µğ—¼ğ—¶ğ—°ğ—².

Thatâ€™s the paradox of B2B and thatâ€™s what we remind ourselves with every â€œwhat next?â€ discussion at Fixerra.",66,2,3,1w,Post,Akshar Shah,https://www.linkedin.com/in/akshar-shah-09427b76,https://www.linkedin.com/in/akshar-shah-09427b76/,2025-10-07T22:13:00.000Z,,2025-10-04T00:00:00.000Z,,
https://www.linkedin.com/feed/update/urn:li:activity:7373556666669289472,,Text,"Monday thoughts:

This morning I found myself feeling grateful for being part of a company like Fixerra . 
Work from home can sometimes feel like youâ€™re not fully in it, the updates donâ€™t always flow the same way, and the work you do isnâ€™t always visible. But that doesnâ€™t mean the contribution is any less.

What makes all the difference is the trust and balance the team creates. At Fixerra , Iâ€™ve experienced a culture built on trust and where outcomes matter more than constant check-ins, and life outside of work is valued just as much.
Truly, thatâ€™s something worth being grateful for on a Monday.",17,2,1,4w,Akshar Shah reposted this,Arshya Dhawan,https://www.linkedin.com/in/arshya-dhawan-45b00886,https://www.linkedin.com/in/akshar-shah-09427b76/,2025-09-14T22:13:00.000Z,,2025-09-16T00:00:00.000Z,,
https://www.linkedin.com/feed/update/urn:li:activity:7364982269943463937,,Text,"Iâ€™ve often said this â€” digital deposits are riding a front-loaded surge today because of high interest rates. But once rates start sliding, volumes will naturally taper. Customers wonâ€™t want to lock in at lower yields.

Thatâ€™s been my view for a while.

Recently, though, I was speaking to a senior professional from a leading broking platform, and they were equally pessimistic on equities â€” stretched valuations, muted 1 year returns. Wealth managers have been circumspect too as the number of outstanding SIPs are reducing.

So hereâ€™s the funny part: ğ˜¦ğ˜·ğ˜¦ğ˜³ğ˜ºğ˜°ğ˜¯ğ˜¦ ğ˜£ğ˜¦ğ˜­ğ˜ªğ˜¦ğ˜·ğ˜¦ğ˜´ ğ˜®ğ˜°ğ˜¯ğ˜¦ğ˜º ğ˜¸ğ˜°ğ˜¯â€™ğ˜µ ğ˜¤ğ˜°ğ˜®ğ˜¦ ğ˜µğ˜° ğ˜µğ˜©ğ˜¦ğ˜®. Which means someoneâ€™s definitely wrong.

The next 6 months are going to be fun to watch.",48,1,0,1mo,Post,Akshar Shah,https://www.linkedin.com/in/akshar-shah-09427b76,https://www.linkedin.com/in/akshar-shah-09427b76/,2025-09-14T22:13:00.000Z,,2025-08-23T00:00:00.000Z,,
https://www.linkedin.com/feed/update/urn:li:activity:7362020075794481153,https://media.licdn.com/dms/image/v2/D4D22AQEJqq09tUk-Ig/feedshare-shrink_800/B4DZismPTVHwAg-/0/1755242364537?e=1763596800&v=beta&t=Jk8aqXMLvqg5mQERqxhuIhZu3_s1jaSKG1VkD3Ojtvw,Image,"Only seven people showed up.

Back at XLRI, I remember choosing an elective that only a few picked â€” Social Entrepreneurship with Prof. Madhukar Shukla.

It wasnâ€™t part of the â€œhotâ€ marketing or finance specialisations, didnâ€™t add much to credits, and certainly didnâ€™t make for glamorous rÃ©sumÃ© points. But something about the idea of business serving more than profit drew me in.

On the first day, the classroom was almost empty â€” just a handful of us. But by the end of that semester, my mind felt fuller than it had in any other course. Prof. Shukla didnâ€™t just teach; he made us live the course. We met social entrepreneurs who had built schools out of nothing, created livelihoods where there was none, and solved problems most of us never even noticed.

One moment that stayed with me was when a rural entrepreneur told us:

â€œThe people I serve donâ€™t need charity. They need a fair chance to stand on their own feet.â€

It hit me â€” impact isnâ€™t about ğ˜¨ğ˜ªğ˜·ğ˜ªğ˜¯ğ˜¨ ğ˜®ğ˜°ğ˜³ğ˜¦, itâ€™s about ğ˜¦ğ˜¯ğ˜¢ğ˜£ğ˜­ğ˜ªğ˜¯ğ˜¨ ğ˜®ğ˜°ğ˜³ğ˜¦.

And in some ways, thatâ€™s what Independence Day is all about too. True freedom isnâ€™t just the absence of restraint â€” itâ€™s the presence of opportunity. And freedom flourishes when we enable others to stand tall.

That small, almost-forgotten elective changed how I think about business, purpose, and responsibility. It made me certain that entrepreneurship can be an act of nation-building â€” one business, one community, one idea at a time.

Happy Independence Day ğŸ‡®ğŸ‡³",151,4,0,1mo,Post,Akshar Shah,https://www.linkedin.com/in/akshar-shah-09427b76,https://www.linkedin.com/in/akshar-shah-09427b76/,2025-09-14T22:13:00.000Z,,2025-08-15T00:00:00.000Z,,
https://www.linkedin.com/feed/update/urn:li:activity:7359604420453588992,,Text,"You canâ€™t build great fintech if youâ€™ve never been its customer.

In fintech, there are two kinds of product & tech folks.

Type 1: â€œIâ€™ve seen enough, I know how this works.â€ (Stops at PAN screen when checking any platformâ€™s flow in the fintech ecosystem, assumes the rest is â€˜standard.â€™)

Type 2: â€œLetâ€™s see what happens next.â€ (Does the full KYC, books a â‚¹1,000 FD, applies for a loan or a card theyâ€™ll never take, runs 50 tiny transactionsâ€”just to see the cracks and the magic in that journey/backend.)

The first group imagines the product.
The second group ğ˜§ğ˜¦ğ˜¦ğ˜­ğ˜´ it.

If youâ€™re building fintech and havenâ€™t walked through every stepâ€”on your own platform or others in the ecosystemâ€”youâ€™re almost building blindfolded.

Curiosity isnâ€™t just a trait in fintechâ€”itâ€™s a competitive advantage.",76,5,1,2mo,Post,Akshar Shah,https://www.linkedin.com/in/akshar-shah-09427b76,https://www.linkedin.com/in/akshar-shah-09427b76/,2025-08-15T22:13:00.000Z,,2025-08-08T00:00:00.000Z,,
https://www.linkedin.com/feed/update/urn:li:activity:7351079388827873280,,Text,"There was a time when just getting a meeting with a bank felt like momentum. Today, even going live isnâ€™t enough :)

At the start, even getting one large fintech, one bank, felt like a win. A guilty kind of happy.

Then, somewhere along the way, you want more.
And you donâ€™t know when it happened â€” gradually, or all at once â€” but the bar moves. Again and again.

Thatâ€™s the startup journey.
You hit one milestone, then quietly raise the bar. You donâ€™t even stop to celebrate.
And sometimes, the ambition, the burn, the chase â€” all of it feels like a lot.
But maybe, amidst all of it, we forget to be thankful.

Thankful for the chance to pursue.

From one person starting Fixerra two and a half years agoâ€¦
â€¦to a team of 20.
â€¦to working with some of the largest platforms and banks in the country.
â€¦to running multiple products â€” and still feeling like itâ€™s just the start.

Still not satisfied. Still hungry.
Maybe weâ€™ve just not paused to look back.",143,6,0,2mo,Post,Akshar Shah,https://www.linkedin.com/in/akshar-shah-09427b76,https://www.linkedin.com/in/akshar-shah-09427b76/,2025-08-15T22:13:00.000Z,,2025-07-16T00:00:00.000Z,,
https://www.linkedin.com/feed/update/urn:li:activity:7348191673643864064,https://media.licdn.com/dms/image/v2/D5622AQGxLGFqWi_v4A/feedshare-shrink_800/B56ZflDp28HQAg-/0/1751894636390?e=1763596800&v=beta&t=5udul5hi7sauzxX6YsxBSATfAwuWMuYQHFV8VPHat2w,Image,"We just launched Bank Fixed Deposit (FD) on the ZFunds platform. To mark this exciting milestone, we hosted a celebration at our Gurugram office with some of our partners. Here's a glimpseâ€¦.",231,15,7,3mo,Akshar Shah reposted this,ZFunds,https://www.linkedin.com/company/zfunds,https://www.linkedin.com/in/akshar-shah-09427b76/,2025-07-16T22:13:00.000Z,,2025-07-08T00:00:00.000Z,,
https://www.linkedin.com/feed/update/urn:li:activity:7345654902708146176,,Text,"You donâ€™t lay rails and ask trains to follow.

You understand where the trains want to go â€” and build for that.

Consumer facing fintechs too similarly are the real trains and we are merely their digital rails. Our partner platforms are not just our customers, theyâ€™re the blueprint.

Our job is to just keep up the pace, without losing the guardrails.",56,3,0,3mo,Post,Akshar Shah,https://www.linkedin.com/in/akshar-shah-09427b76,https://www.linkedin.com/in/akshar-shah-09427b76/,2025-07-16T22:13:00.000Z,,2025-07-01T00:00:00.000Z,,
https://www.linkedin.com/feed/update/urn:li:activity:7341367429802909696,,Text,"Every entrepreneurâ€™s journey comes with a trade-off:

Bootstrapping builds freedom, but itâ€™s slow.

Funding boosts speed, but adds pressure.

Being visionary inspires, but gets lonely.

Being practical works, but rarely gets praise.

Moving fast feels exciting, but breaks things.

Moving steady feels safe, but might not give you fame. 

Choose your hard.

Build your way.",75,3,1,3mo,Akshar Shah reposted this,Sagar Patidar,https://www.linkedin.com/in/sagarpatidar,https://www.linkedin.com/in/akshar-shah-09427b76/,2025-07-16T22:13:00.000Z,,2025-06-19T00:00:00.000Z,,
https://www.linkedin.com/feed/update/urn:li:activity:7340364023265144833,,Text,"â€œThat depends on the culture of that companyâ€

I said this in a casual chat with my founder while talking about how open a team might be about owning a mistake.

And it stuck with me.

Culture isnâ€™t just about flexible hours or work life balance.
Itâ€™s about feeling safe, when things go wrong at work or in life.

Iâ€™ve realised culture also shows up when someone says:

â€œBhai, tu log off kar de, main dekh lunga.â€

Thatâ€™s culture too.
When people cover for you, not because they have to, but because they care.

#LeadershipInTech #StartupCulture #PeopleFirst #TrustAtWork",66,2,1,3mo,Akshar Shah reposted this,Archita Goyal,https://www.linkedin.com/in/architagoyals,https://www.linkedin.com/in/akshar-shah-09427b76/,2025-07-16T22:13:00.000Z,,2025-06-16T00:00:00.000Z,,
https://www.linkedin.com/feed/update/urn:li:activity:7337036103834636289,https://media.licdn.com/dms/image/v2/D4D05AQFfe6iqrjx0Ew/videocover-high/B4DZdJjcKRGkBk-/0/1749285720427?e=1761066000&v=beta&t=pbaT71DUCCAjx0RKrNItYQd2Edd_T7dTkW3lRER-YKY,Video (LinkedIn Source),A first for many reasons.  Fixerra is raising the bar.,90,0,3,4mo,Post,Akshar Shah,https://www.linkedin.com/in/akshar-shah-09427b76,https://www.linkedin.com/in/akshar-shah-09427b76/,2025-06-16T22:13:00.000Z,,2025-06-07T00:00:00.000Z,blob:https://www.linkedin.com/dc73a89b-e15c-4825-be63-8934948b76e2,
https://www.linkedin.com/feed/update/urn:li:activity:7335960800529952768,https://media.licdn.com/dms/image/v2/D4D22AQEq_6G-h2HTyQ/feedshare-shrink_800/B4DZc6RdkCGkAk-/0/1749029348808?e=1763596800&v=beta&t=eNv08bmyXJPa3vzRIn0QNRy6xbFjVpPolvy8u6Qj3sU,Image,"ğŸš¨ ğ—™ğ—¶ğ˜…ğ—²ğ—¿ğ—¿ğ—® ğ—¶ğ˜€ ğ—µğ—¶ğ—¿ğ—¶ğ—»ğ—´ ğŸ® ğ—³ğ˜‚ğ—¹ğ—¹-ğ˜ğ—¶ğ—ºğ—² ğ˜ğ—²ğ—°ğ—µ ğ—¶ğ—»ğ˜ğ—²ğ—¿ğ—»ğ˜€ (ğ—£ğ—®ğ—¶ğ—±)

Weâ€™re looking for ğ—´ğ—¿ğ—®ğ—±ğ˜‚ğ—®ğ˜ğ—²ğ˜€ ğ—¼ğ—¿ ğ—³ğ—¶ğ—»ğ—®ğ—¹-ğ˜†ğ—²ğ—®ğ—¿ ğ—²ğ—»ğ—´ğ—¶ğ—»ğ—²ğ—²ğ—¿ğ—¶ğ—»ğ—´ ğ˜€ğ˜ğ˜‚ğ—±ğ—²ğ—»ğ˜ğ˜€ who can dedicate the next 3 months full-time to building real fintech infrastructure.

ğ—§ğ—µğ—¶ğ˜€ ğ—¶ğ˜€ ğ—»ğ—¼ğ˜ ğ—® ğ˜€ğ—¶ğ—±ğ—² ğ—½ğ—¿ğ—¼ğ—·ğ—²ğ—°ğ˜ ğ—¶ğ—»ğ˜ğ—²ğ—¿ğ—»ğ˜€ğ—µğ—¶ğ—½. No fluff, no shadowing.

You'll work closely with the founding and engineering team at Fixerra â€” a B2B open banking fintech powering banking products at scale for some of the countryâ€™s largest digital platforms.

What we care about:

 â€¢ Youâ€™re ğ˜€ğ—ºğ—®ğ—¿ğ˜, ğ—°ğ˜‚ğ—¿ğ—¶ğ—¼ğ˜‚ğ˜€, and have a real interest in ğ—”ğ—œ, ğ—¶ğ—»ğ—³ğ—¿ğ—®, ğ—¼ğ—¿ ğ—®ğ˜‚ğ˜ğ—¼ğ—ºğ—®ğ˜ğ—¶ğ—¼ğ—»
 â€¢ Youâ€™ve ğ—¯ğ˜‚ğ—¶ğ—¹ğ˜ ğ˜€ğ—¼ğ—ºğ—²ğ˜ğ—µğ—¶ğ—»ğ—´, or at least tried breaking things to understand them
 â€¢ You are prepared to hustle and make it count

âœ… Paid
âœ… Remote or Work From Office(Mumbai)
âœ… High ownership
âœ… Chance of full-time conversion

ğ—œğ—³ ğ˜†ğ—¼ğ˜‚'ğ—¿ğ—² ğ—¶ğ—»ğ˜ğ—²ğ—¿ğ—²ğ˜€ğ˜ğ—²ğ—±, ğ—¹ğ—¶ğ—»ğ—¸ ğ—¶ğ˜€ ğ—¶ğ—» ğ˜ğ—µğ—² ğ—°ğ—¼ğ—ºğ—ºğ—²ğ—»ğ˜ğ˜€

Weâ€™ll go through responses and reach out to shortlisted candidates with the next steps.

#TechInternship #StartupJobs #FintechCareers #EngineeringInternship #RemoteInternship #HiringInterns #AIInternship #ProductTech #B2BFintech",77,16,9,4mo,Post,Akshar Shah,https://www.linkedin.com/in/akshar-shah-09427b76,https://www.linkedin.com/in/akshar-shah-09427b76/,2025-06-16T22:13:00.000Z,,2025-06-04T00:00:00.000Z,,
https://www.linkedin.com/feed/update/urn:li:activity:7331709752734826497,,Text,"Spoke to a product leader at a well-known fintech today. 

Theyâ€™re exploring embedded deposits and had reached out to Fixerra to understand how we could help.

I started with the usual â€” our issuer network across banks and NBFCs, the journeys we enable, and how some of Indiaâ€™s largest platforms work with us.

But what really stood out was how early he asked about our ğ—”ğ—£ğ—œ ğ—½ğ—²ğ—¿ğ—³ğ—¼ğ—¿ğ—ºğ—®ğ—»ğ—°ğ—² ğ—®ğ—»ğ—± ğ˜ğ—²ğ—°ğ—µ ğ—¿ğ—²ğ—¹ğ—¶ğ—®ğ—¯ğ—¶ğ—¹ğ—¶ğ˜ğ˜†.
Not as a checkbox at the end â€” but right up front.

You donâ€™t see that often. For all the talk of â€œtech-first,â€ few actually begin with tech.

That one question said more about priorities and instantly raised the bar for the conversation.
And ofcourse we were more than ready for it.

#fintech #embeddedfinance #bankinginfrastructure #APIs #Fixerra #digitaldeposits #productleaders",41,4,0,4mo,Post,Akshar Shah,https://www.linkedin.com/in/akshar-shah-09427b76,https://www.linkedin.com/in/akshar-shah-09427b76/,2025-06-16T22:13:00.000Z,,2025-05-23T00:00:00.000Z,,
https://www.linkedin.com/feed/update/urn:li:activity:7326533298892025857,,Text,"Three of our team members are from Punjab.

One lives in Pathankot, a few kms from the frontlines. One in Chandigarh and another in Ludhiana.

We build digital rails but itâ€™s the real ones- guarded by our forces- that are keeping us all safe. 

Just really proud of our forces! ğŸ‡®ğŸ‡³",66,0,0,5mo,Post,Akshar Shah,https://www.linkedin.com/in/akshar-shah-09427b76,https://www.linkedin.com/in/akshar-shah-09427b76/,2025-05-17T22:13:00.000Z,,2025-05-09T00:00:00.000Z,,
https://www.linkedin.com/feed/update/urn:li:activity:7325142232452222976,https://media.licdn.com/dms/image/v2/D4D22AQE0coBMV324Hg/feedshare-shrink_800/B4DZafq9uTHEAk-/0/1746435562963?e=1763596800&v=beta&t=b-hiJK904HrfPLFUYQuNry5ivPNDFeLaC4NO4FVk8CU,Image,"There was a time when we were chasing our first go-live, refreshing dashboards with zero volumes.

Today, we are running banking products at scale with some of the largest institutions in the country.

Recently,  Fixerra received theÂ â€œPreferred Digital Partnerâ€Â recognition from Mahindra Finance.

Earlier this year, we were recognised byÂ our other BFSI partners for moving the highest deposit volumes among their digital partners too.

Grateful to our partners who bet on us, to our team who gives it everything, and to the fintechs who trust Fixerra behind the scenes.

We still feel like weâ€™re just getting started.

Vikas Taneja Ashish Kapoor KRISHNARAO SV",98,30,4,5mo,Post,Akshar Shah,https://www.linkedin.com/in/akshar-shah-09427b76,https://www.linkedin.com/in/akshar-shah-09427b76/,2025-05-17T22:13:00.000Z,,2025-05-05T00:00:00.000Z,,
https://www.linkedin.com/feed/update/urn:li:activity:7324757207986647040,https://media.licdn.com/dms/image/v2/D4D22AQHy7Vcc3nCvTw/feedshare-shrink_800/B4DZaarYFHGsAo-/0/1746351785607?e=1763596800&v=beta&t=6H8zDzf1UKFLKS6uzcs3ScCn71p4W4B0FdHTFBPspK8,Image,"I still remember the first time a bank said â€œno.â€
And then the first time a bank said â€œyes.â€

The second one didnâ€™t feel biggerâ€”it just felt ğ™šğ™–ğ™§ğ™£ğ™šğ™™.

That â€œyesâ€ didnâ€™t come with fanfare. No headline. Just perseverance.
And thatâ€™s what weâ€™ve built  Fixerra on.

Some days, I pitch Fixerra to large platforms.
Some days, I explain how deposits with payouts work to a new intern.
Both matter equally.

Because the journey isnâ€™t made in spikesâ€”itâ€™s made in showing up.
On low-energy days. On days with no responses. On days where we almost gave up.

ğ—ªğ—²â€™ğ—¿ğ—² ğ—»ğ—¼ğ˜ ğ—°ğ—µğ—®ğ˜€ğ—¶ğ—»ğ—´ ğ—µğ˜†ğ—½ğ—². Weâ€™re here for the long haul.
To build slow, strong, and with people who value the same.

One partner, one relationship, one line of code at a time.",164,7,0,5mo,Post,Akshar Shah,https://www.linkedin.com/in/akshar-shah-09427b76,https://www.linkedin.com/in/akshar-shah-09427b76/,2025-05-17T22:13:00.000Z,,2025-05-04T00:00:00.000Z,,
https://www.linkedin.com/feed/update/urn:li:activity:7324304219295956992,,Text,"Was wrapping up a call with the product head of a fintech that is stepping into wealth. As we were closing, he said, â€œDonâ€™t expect huge volumes from usâ€”at least not in the beginning.â€

I told him:Â Iâ€™m not here for volume. Iâ€™m here for the relationship.

At Fixerra, weâ€™ve always believed that partnerships arenâ€™t built on dashboardsâ€”theyâ€™re built on trust.

Weâ€™ve gone through our own early struggles tooâ€”banks asking us for fintechs, and fintechs asking us for bank partners. But we stayed at it, and so did the people who believed in us.

Thatâ€™s why when we sign a new partnerâ€”big or smallâ€”we do it with conviction. That theyâ€™ll make it big. That weâ€™ll grow together. And that Fixerraâ€™s role is to be the enabler behind the scenes.

In this game, relationships compound faster than metrics.",105,5,0,5mo,Post,Akshar Shah,https://www.linkedin.com/in/akshar-shah-09427b76,https://www.linkedin.com/in/akshar-shah-09427b76/,2025-05-17T22:13:00.000Z,,2025-05-03T00:00:00.000Z,,
https://www.linkedin.com/feed/update/urn:li:activity:7323941866880581632,https://media.licdn.com/dms/image/v2/D4D22AQEbCqaMibXsqQ/feedshare-shrink_800/B4DZaNdJhBGgAg-/0/1746129952800?e=1763596800&v=beta&t=cwftMh_5MYiXpHqDlhPvr4-dSkaIIomO89_ZLzOxNzQ,Image,"Every day counts in scalable tech. Literally.

Zomatoâ€™s recent earnings call mentioned that YoY growth in food delivery was impacted â€” among other reasons â€” because last year was a leap year and this year had 1 less day in comparison. 

Many found it humorous. But the truth is: itâ€™s actually quite a valid point for any scaled consumer or transaction-tech business.

Think about it: one extra day in a 90-day quarter is ğ—¼ğ˜ƒğ—²ğ—¿ ğŸ­% ğ—ºğ—¼ğ—¿ğ—² ğ—¼ğ—½ğ—½ğ—¼ğ—¿ğ˜ğ˜‚ğ—»ğ—¶ğ˜ğ˜† â€” in orders, transactions. AUM, spends, or users. For platforms like Zomato, or fintechs like us at  Fixerra where every day drives volumes, even a single day can skew growth metrics.

Itâ€™s not an excuse. But it is a reminder â€” At scale, nothing is trivial â€” not even the calendar ğŸ™‚",58,4,0,5mo,Post,Akshar Shah,https://www.linkedin.com/in/akshar-shah-09427b76,https://www.linkedin.com/in/akshar-shah-09427b76/,2025-05-17T22:13:00.000Z,,2025-05-02T00:00:00.000Z,,
https://www.linkedin.com/feed/update/urn:li:activity:7320821670317842433,https://media.licdn.com/dms/image/v2/D4D22AQGtFktJU_rHRw/feedshare-shrink_800/B4DZZjIgulG8Ag-/0/1745419898809?e=1763596800&v=beta&t=HnHnY5ib2c7_Xnwkk8gHfn4Tt1-oLTBaE3wn1mIb0_I,Image,"ğ—ğ—®ğ˜€ğ—µğ—ºğ—¶ğ—¿ ğ—¶ğ—» ğ—¼ğ˜‚ğ—¿ ğ˜ğ—µğ—¼ğ˜‚ğ—´ğ—µğ˜ğ˜€ ğ—®ğ—»ğ—± ğ—½ğ—¿ğ—®ğ˜†ğ—²ğ—¿ğ˜€.

Two years ago, I visited Kashmir with my family. Amidst the breathtaking beauty, we came across a simple bench with something inscribed in Urdu:

â€œGar firdaus, ruhe zamin ast, hamin asto, hamin asto, hamin ast.â€
(â€œIf there is a paradise on earth, it is this, it is this, it is this.â€)

That quote has stayed with me. And so has the calm, the warmth of the people, and the unmatched beauty of the valley.

Itâ€™s heartbreaking to see such a place disturbed by senseless acts of terror.

Sharing a photo from that visit, in memory of what Kashmir isâ€”and what it deserves to always be.",71,1,1,5mo,Post,Akshar Shah,https://www.linkedin.com/in/akshar-shah-09427b76,https://www.linkedin.com/in/akshar-shah-09427b76/,2025-05-17T22:13:00.000Z,,2025-04-23T00:00:00.000Z,,
https://www.linkedin.com/feed/update/urn:li:activity:7310956303982460928,,Text,"Three weeks ago, we noticed a transaction on the  Fixerra Gatewayâ€”from one of our partner platforms, just another transaction, or so we thought.

But this one was special. It came from ğ—”ğ—»ğ—±ğ—®ğ—ºğ—®ğ—» & ğ—¡ğ—¶ğ—°ğ—¼ğ—¯ğ—®ğ—¿ ğ—œğ˜€ğ—¹ğ—®ğ—»ğ—±ğ˜€â€”our first from that union territory. And with that, Fixerra Gateway quietly crossed a ğ—ºğ—¶ğ—¹ğ—²ğ˜€ğ˜ğ—¼ğ—»ğ—² ğ˜„ğ—² ğ—µğ—®ğ—± ğ—®ğ—¹ğ˜„ğ—®ğ˜†ğ˜€ ğ—±ğ—¿ğ—²ğ—®ğ—ºğ˜ ğ—¼ğ—³ ğ˜„ğ—µğ—²ğ—» ğ˜€ğ˜ğ—®ğ—¿ğ˜ğ—¶ğ—»ğ—´ ğ—¼ğ˜‚ğ˜.

We now have transactors from ğ—²ğ˜ƒğ—²ğ—¿ğ˜† ğ˜€ğ—¶ğ—»ğ—´ğ—¹ğ—² ğ˜€ğ˜ğ—®ğ˜ğ—² ğ—®ğ—»ğ—± ğ˜‚ğ—»ğ—¶ğ—¼ğ—» ğ˜ğ—²ğ—¿ğ—¿ğ—¶ğ˜ğ—¼ğ—¿ğ˜† ğ—¼ğ—³ ğ—œğ—»ğ—±ğ—¶ğ—®.

From metros to remote corners of the country, the digital infrastructure weâ€™ve built (and continue to build) is truly pan-India, powering seamless banking experiences for digital platforms and their users everywhere.

A small transaction, a massive milestone. ğŸš€

#Fintech #FinancialInclusion #Fixerra #BankingInfrastructure",176,12,4,6mo,Post,Akshar Shah,https://www.linkedin.com/in/akshar-shah-09427b76,https://www.linkedin.com/in/akshar-shah-09427b76/,2025-04-17T22:13:00.000Z,,2025-03-27T00:00:00.000Z,,
https://www.linkedin.com/feed/update/urn:li:activity:7310291310886707200,https://media.licdn.com/dms/image/v2/D4D22AQFvVEFhXigO3g/feedshare-shrink_800/B4DZXMDBwNG8Ak-/0/1742885101051?e=1763596800&v=beta&t=8cLOHs_0VycJ7cUpWaq8BddPkTeWBN-ragtIF9r5NIw,Image,"Another feather in the cap!

After receiving the award from Bajaj Finserv, we have now been recognised by Shriram Finance Limited too for being their largest fintech partner for fixed deposits.

Are you also interested in launching banking products on your app quickly and seamlessly? Just drop a 'Hi' and our team will contact you.

#Fixerra #FixedDeposits #Milestone #Growth #Fintech 

Akshar Shah Priyanka Shah Satra Archita Goyal Vijaya Edke Achyut Gupta Harsh Gupta Arshya Dhawan Dilip Rathod

Jaidev Joshi Diwakar Sharma",71,6,4,6mo,Akshar Shah reposted this,Fixerra,https://www.linkedin.com/company/fixerra,https://www.linkedin.com/in/akshar-shah-09427b76/,2025-04-17T22:13:00.000Z,,2025-03-25T00:00:00.000Z,,
https://www.linkedin.com/feed/update/urn:li:activity:7306224882814480384,https://media.licdn.com/dms/image/v2/D4D22AQGG3KMyDe6THQ/feedshare-shrink_800/B4DZWTsz.LG4Ag-/0/1741939753639?e=1763596800&v=beta&t=Mu_iu7bTTAlg7dbe3QtUv1eq4Tn7WD4SkgfZqJajQt8,Image,"Lately, quite a few people I meet ask me the same question â€”Â ""With equity markets being jittery, volumes in FDs and RDs must be picking up, right?""

The answer actually is a Yes.

At  Fixerra, weâ€™ve seen volumes grow steadily over the last few months.

But I donâ€™t believe this surge is just equity money shifting to safer products. It feels more like people are starting to understand the value of asset allocation â€” spreading their investments wisely instead of chasing just one path.

Of course, markets will do what markets do â€” one big rally, and this wisdom might just get forgotten again.

Hopefully, fintech platforms and investment apps will keep encouraging this balanced approach â€” because thatâ€™s what really helps investors in the long run.",57,3,1,7mo,Post,Akshar Shah,https://www.linkedin.com/in/akshar-shah-09427b76,https://www.linkedin.com/in/akshar-shah-09427b76/,2025-03-18T22:13:00.000Z,,2025-03-14T00:00:00.000Z,,
https://www.linkedin.com/feed/update/urn:li:activity:7297497901222576128,,Text,"Do not stop your SIP! If you thought it was a good time to invest at the peak of the market, it's an even better time to invest when it's 10% down. 

More SIPs were stopped in Jan'25 than started - driven by the market correction, the first for many investors. 

""Asset allocation"" has made a come back after 3 years as the latest buzz word in investing. Once again something that should never be stopped. 

Fortunately its 100x easier today to build a wholesome portfolio across stocks, FD, bonds and gold even if you just have 10,000 to invest.",81,3,1,7mo,Akshar Shah reposted this,Nikhil Aggarwal,https://www.linkedin.com/in/nikhil-aggarwal103,https://www.linkedin.com/in/akshar-shah-09427b76/,2025-03-18T22:13:00.000Z,,2025-02-18T00:00:00.000Z,,
https://www.linkedin.com/feed/update/urn:li:activity:7295793098037628928,,Text,"At Fixerra, we are not the loudest on social media or the most aggressive in marketing. 

But we have grown our partnerships multifold driven by partners who trust us enough to recommend us within the industry. That trust is our biggest win.

Grateful for those who believe in what weâ€™re building! ğŸ™Œ",146,5,0,8mo,Post,Akshar Shah,https://www.linkedin.com/in/akshar-shah-09427b76,https://www.linkedin.com/in/akshar-shah-09427b76/,2025-02-16T22:13:00.000Z,,2025-02-13T00:00:00.000Z,,
https://www.linkedin.com/feed/update/urn:li:activity:7292188900863721472,,Article,"Itâ€™s incredibly thrilling to seeÂ Tata Neu's Fixed Deposits MarketplaceÂ making waves in the market and being recognized by leading media outlets! ğŸš€
Bringing this product to life has been an exciting journey, and seeing it gain traction reinforces how meaningful and impactful it is for users looking for safe & high-yield investment options. With interest rates up toÂ 9.1%Â and investments starting at justÂ â‚¹1,000, our platform is truly democratizing access to smart & safe savings.

Some recent mentions:
1. https://lnkd.in/gHHHCpNp
2. https://lnkd.in/gjJ55GUB

Feeling proud to be part of this journey, and canâ€™t wait to see how we continue to grow! ğŸš€ğŸ’¡ #TataNeu #FixedDeposits #InvestSmart #ProductManagement",94,1,3,8mo,Akshar Shah reposted this,Avantika Bhatia,https://www.linkedin.com/in/avantika-bhatia-427a76120,https://www.linkedin.com/in/akshar-shah-09427b76/,2025-02-16T22:13:00.000Z,,2025-02-03T00:00:00.000Z,,https://timesofindia.indiatimes.com/business/india-business/tata-neu-enters-retail-investments-with-fd-marketplace/articleshow/117026763.cms
https://www.linkedin.com/feed/update/urn:li:activity:7286356410626400256,https://media.licdn.com/dms/image/v2/D4D22AQFefGBIFuTisA/feedshare-shrink_800/B4DZR5AagEHkAw-/0/1737196940396?e=1763596800&v=beta&t=IdiGH5TLPW4DMiZnfU2qs_dYMrPJZRcKgQyjDGF_ri0,Image,"Corporate Fixed Deposits holds a special place in my heart. Not just because it is the first major product release I have worked on at Cherry, but also because it is a product that genuinely helps people diversify their investments and provide a stable income stream. It is ideal for investors preferring to avoid the volatility associated with equities (8.38% fixed interest rate!!).

With flexible maturity periods ranging from 6 months to 5 years, investors can tailor their investments to meet specific financial objectives. Do check it out!

#Invest #KotakCherry #CorporatFDs",46,0,2,8mo,Akshar Shah reposted this,Rohan Rajora,https://www.linkedin.com/in/rohanrajora,https://www.linkedin.com/in/akshar-shah-09427b76/,2025-02-16T22:13:00.000Z,,2025-01-18T00:00:00.000Z,,
https://www.linkedin.com/feed/update/urn:li:activity:7286318503693852672,https://media.licdn.com/dms/image/v2/D4D22AQFL-_1JZEQhSA/feedshare-shrink_800/B4DZR4wQaTHYAg-/0/1737192704802?e=1763596800&v=beta&t=TICepuVoHyMmZyhIbooez_Z6SpBDePxjUnp36YCq-hM,Image,"Markets volatility is a feature not a bug!!


Recent market volatility has been unnerving many investors. As we saw markets going on a one way rallyğŸ¢, we knew we had to get a product out for volatile markets that calmed investors portfolios (and their nerves!)

And thus came the latest product in our bouquet - Corporate FDs!

But then we had to bring our spin to it - these arenâ€™t just by any issuers; these are by issuers vetted by Kotak ğŸ›¡ï¸. With special rates for senior citizens and women - this becomes the perfect combination of return with risk. 

Kotak Cherry Rohit Murarka Ankur Pandey Rohan Rajora Chetan Kejriwal 

#corporateFDs #marketvolatility",25,2,3,8mo,Akshar Shah reposted this,Sweety Samaiya,https://www.linkedin.com/in/sweety-samaiya,https://www.linkedin.com/in/akshar-shah-09427b76/,2025-02-16T22:13:00.000Z,,2025-01-18T00:00:00.000Z,,
https://www.linkedin.com/feed/update/urn:li:activity:7283100362427764736,https://media.licdn.com/dms/image/v2/D4D22AQFP2oMoQYJpuw/feedshare-shrink_800/B4DZRAiIuHHMAg-/0/1736249479004?e=1763596800&v=beta&t=Re9SgskhGhOFa8DNWdJcszX78Scl7aFGPS6NQh92M-s,Image,"We're Revolutionizing Savings! Introducing the Tata Neu Fixed Deposits Marketplace.

We're thrilled to announce the launch of our Fixed Deposits Marketplace on Tata Neu! This innovative platform empowers our customers to easily invest in FDs with leading financial institutions, all within a seamless digital experience.

Here's what makes it special:
- Customer-centric:Â Simplifies investing for everyone, regardless of their financial background.
- Partnership power:Â Collaborating with top banks and NBFCs like Suryoday Small Finance Bank Ltd, Shriram Finance Limited, and Bajaj Finance to offer a wide range of options.
- Growth driver:Â This new offering strengthens the Tata Neu ecosystem and expands our presence in the financial services sector.

We're proud to be driving financial inclusion and empowering our customers to achieve their financial goals.

Invest here: https://lnkd.in/dBYyfBVR

#TataDigital #NeuMoney #Innovation #Fintech #FinancialInclusion #EmployeePride #TataNeu",88,0,17,9mo,Akshar Shah reposted this,Tata Digital,https://www.linkedin.com/company/tata-digital,https://www.linkedin.com/in/akshar-shah-09427b76/,2025-01-17T22:13:00.000Z,,2025-01-09T00:00:00.000Z,,
https://www.linkedin.com/feed/update/urn:li:activity:7283100211839651840,https://media.licdn.com/dms/image/v2/D4D22AQE5i8C2Ipavtw/feedshare-shrink_1280/B4DZRAobYvHwAo-/0/1736251128262?e=1763596800&v=beta&t=7RL4cGJggk58LAhwJy-GJlQKpS0W7lH9Fh-232uxmcg,Image,"Tata Digital launches Fixed Deposits Marketplace on Tata Neu, expands into retail investments

Link in the comments

Gaurav Hazrati | Vishal Singh 
#mediabrief #TataDigital #TataNeu #FixedDepositsMarketplace #digital #media",22,1,2,9mo,Akshar Shah reposted this,Mediabrief.com,https://www.linkedin.com/company/mediabriefdotcom,https://www.linkedin.com/in/akshar-shah-09427b76/,2025-01-17T22:13:00.000Z,,2025-01-09T00:00:00.000Z,,
https://www.linkedin.com/feed/update/urn:li:activity:7279722842202554368,,Document,"As curtains draw on 2024, sharing reflections from the year gone by. 

If this year was a â€˜Friendsâ€™ episode it would be called the â€˜One where we find Product Market Fitâ€™ ğŸ˜€

Got sometime to pen these down.",69,4,3,9mo,Post,Akshar Shah,https://www.linkedin.com/in/akshar-shah-09427b76,https://www.linkedin.com/in/akshar-shah-09427b76/,2025-01-17T22:13:00.000Z,,2024-12-21T00:00:00.000Z,,
https://www.linkedin.com/feed/update/urn:li:activity:7276480229328515072,,Text,"How do you know if your customers trust you?

Even tougherâ€”how do you get them to trust you?

In financial services, trust is everything. It doesnâ€™t matter if you have cutting-edge tech, AI, expert support, or the fanciest UIâ€”your survival and success come down to one thing: whether your customers trust you.

But trust isnâ€™t built overnight. It comes from consistency and reliability. One way to earn it is by offering services and products that people have trusted for years. That familiarity creates loyalty, and loyalty keeps customers coming back.

At Fixerra, our goal is simple: we help fintechs launch banking products that build this kind of trust and loyalty.

If youâ€™re a consumer-facing platform, how are you building trust with your customers?",36,0,0,9mo,Post,Akshar Shah,https://www.linkedin.com/in/akshar-shah-09427b76,https://www.linkedin.com/in/akshar-shah-09427b76/,2025-01-18T22:13:00.000Z,,2024-12-22T00:00:00.000Z,,
https://www.linkedin.com/feed/update/urn:li:activity:7273932352911790081,https://media.licdn.com/dms/image/v2/D4D22AQEhfLqcXfZ2xg/feedshare-shrink_800/B4DZPGcPyvGUAk-/0/1734201117585?e=1763596800&v=beta&t=ylw9gq7_Vrc3Wig412Wop-1O4nqwcFrNTt76dagMVvI,Image,"From the very start, I was certain about keeping the team size under 20 at  Fixerra.

Iâ€™m not sure where this idea came from. Maybe itâ€™s because I read somewhere that WhatsApp and Telegram achieved massive success with surprisingly small teams. 

Or maybe when our accountant warned me saying, â€œPost 20 employees, youâ€™ll have to deal with compliance headaches!â€ ğŸ˜„ 

But over time, itâ€™s become more than just a quirky principle. Itâ€™s now a core beliefâ€”to build a lean team that delivers maximum impact.

And hereâ€™s the surprising part: keeping things small hasnâ€™t felt like a constraint. If anything, itâ€™s been an advantage.

With a compact team, we donâ€™t have the bandwidth for endless experiments, and everyone always has something meaningful on their plate. Everyone owns their role and wears multiple hats keeping us nimble and focused.

In the past two years, weâ€™ve done a lotâ€”weâ€™ve pivoted, weâ€™ve failed, weâ€™ve celebrated wins- all with a small team that punches way above its weight.

But sometimes, I genuinely stop and think: ""Are these few people really enough to drive the impact weâ€™re aiming for?"" And then, I realize the answer is a resounding yes.

As we grow, weâ€™ll hold onto this belief, proving that sometimes, less, truly is more.

And no, Iâ€™m not too obsessed with the 20-member rule. I might consider 21... but only if she/he promises to help us setting up for the additional compliances too. ğŸ˜„",216,9,0,9mo,Post,Akshar Shah,https://www.linkedin.com/in/akshar-shah-09427b76,https://www.linkedin.com/in/akshar-shah-09427b76/,2025-01-18T22:13:00.000Z,,2024-12-15T00:00:00.000Z,,
https://www.linkedin.com/feed/update/urn:li:activity:7271395592528936960,https://media.licdn.com/dms/image/v2/D4D22AQHL0p0Eltx8GQ/feedshare-shrink_800/feedshare-shrink_800/0/1733583568893?e=1763596800&v=beta&t=gvSPQlkF8qkKrsvyaiJGuf5EQz3KbppKLxhbTqLv5UI,Image,"I scored 99.89% in XAT without knowing the exam pattern! 

Itâ€™s funny because I hadnâ€™t even studied for it. When the results came out, I was as surprised as anyone.Â Honestly this was luck more than talent.

Thatâ€™s when I started doing my research, talking to friends and family, and realizing the incredible opportunity in front of me.

After preparing for the interviews, I got into XLRI, and thatâ€™s where my journey truly began. 

It was during my time there that I discovered my interest in finance and cleared first CFA Level too.

I interned at ITC and later received a placement offer. To everyone around me, I was the â€œlucky one.â€ 

But internally, I felt a conflictâ€”I wanted to pursue finance, and ITC's job wasnâ€™t aligned with that vision. I decided to take a leap of faith, rejecting the PPO and giving myself a chance.

In the final round of placements, Kotak came to campus and I converted it.

 At Kotak, I entered wealth management for HNIs and Ultra HNIs, which was completely new territory for me. Two years into it, I vividly remember being handed the personal portfolio of one of Asiaâ€™s wealthiest bankers. 

I was the youngest advisor heâ€™d worked with, and the responsibility was daunting. 

But that challenge became one of the biggest lessons of my career. 

I then transitioned to building Kotak's in-house investment app Kotak Cherry as product lead and that's when I got introduced to the world of fintech.

My time at Kotak Wealth and Kotak Cherry laid the foundation for everything I do today and set the stage for Fixerra.

Turns out, not knowing the exam pattern was the best preparation I could have done. 

Life works in mysterious ways!",621,25,1,10mo,Post,Akshar Shah,https://www.linkedin.com/in/akshar-shah-09427b76,https://www.linkedin.com/in/akshar-shah-09427b76/,2024-12-19T22:13:00.000Z,,2024-12-08T00:00:00.000Z,,
https://www.linkedin.com/feed/update/urn:li:activity:7262698439564529665,,Text,"One weekâ€™s work in one dayâ€¦

Many fintech partners ask us what the difference is when another TSP like Fixerra has the same banking partner or when they connect directly with the bank or NBFC. What's the edge, the USP, the moat, and all the usual buzzwords ğŸ˜€

I like to share stories to make my point, and today I have another one.

Recently, a large NBFC increased their FD rates, effective today. But it wasnâ€™t a simple rate change â€” it involved different rates based on deposit amounts, even for the same tenure.

It was about a week of work â€” from product to tech to testing. But when you're live with some of the biggest apps and platforms in the country, how do you tell them you'll offer a subpar experience for a week with outdated rates?

This morning, I saw only Fixerra-powered platforms live with the updated rates and amount-based functionality. Huge kudos to our team for pulling this off!

This is where the USP and moat really show up â€” itâ€™s about getting the details right, and making it happen when it counts ğŸ˜ƒ

 Fixerra 

#OpenBanking #B2B #BaaS",112,9,2,11mo,Post,Akshar Shah,https://www.linkedin.com/in/akshar-shah-09427b76,https://www.linkedin.com/in/akshar-shah-09427b76/,2024-11-19T22:13:00.000Z,,2024-11-14T00:00:00.000Z,,
https://www.linkedin.com/feed/update/urn:li:activity:7260894864911855616,https://media.licdn.com/dms/image/v2/D5622AQFfkgOVvcO9Jw/feedshare-shrink_800/feedshare-shrink_800/0/1730865829785?e=1763596800&v=beta&t=jBCoi_7_63wHRHguarHAxSjR-t--c5Hx92oupOgV7Og,Image,"We are just beginning to revolutionise the Banking-as-a-Service space!

#BankTech #Fixerra #SmallFinanceBank #NBFC #FixedDeposits",27,1,1,11mo,Akshar Shah reposted this,Priyanka Shah Satra,https://www.linkedin.com/in/priyanka-shah-satra-7b73a0a3,https://www.linkedin.com/in/akshar-shah-09427b76/,2024-11-19T22:13:00.000Z,,2024-11-09T00:00:00.000Z,,https://www.linkedin.com/feed/update/urn:li:activity:7259777480197038080/
https://www.linkedin.com/feed/update/urn:li:activity:7260505944864813057,https://media.licdn.com/dms/image/v2/D5622AQFfkgOVvcO9Jw/feedshare-shrink_800/feedshare-shrink_800/0/1730865829785?e=1763596800&v=beta&t=jBCoi_7_63wHRHguarHAxSjR-t--c5Hx92oupOgV7Og,Image,"ğŸ‰ Congratulations  Fixerra for being a finalist in the Best Innovation in WealthTech category at IFTA 2024!

Join us to celebrate the brightest minds in fintech at IFTA.
- Date: 12th December 2024
- Venue: Aurika, Mumbai (near International Airport)

Fixerra enables consumer fintechs to launch innovative banking products swiftly and compliantly with our API Banking-as-a-Service suite.

Akshar Shah Priyanka Shah Satra Archita Goyal Vijaya Edke

#IndiaFinTechAwards #IFTA2024 #Fintech #Startups #Innovation
#WealthTech",51,2,4,11mo,Akshar Shah reposted this,India FinTech Forum,https://www.linkedin.com/company/india-fintech-forum,https://www.linkedin.com/in/akshar-shah-09427b76/,2024-11-19T22:13:00.000Z,,2024-11-08T00:00:00.000Z,,
https://www.linkedin.com/feed/update/urn:li:activity:7254366867891376129,,Document,"How often do you get the chance to build the future? 

At Fixerra, we believeÂ Open BankingÂ is the futureâ€”and weâ€™re making it happen. We help banks get their productsÂ out of the bankÂ and onto digital platforms securely and seamlessly.

Now, weâ€™re looking forÂ problem solversÂ andÂ future buildersÂ to join us. If you're aÂ Backend EngineerÂ whoâ€™s excited to work on cutting-edge fintech solutions and shape the next generation of digital banking, we want to hear from you!

Requirements
1. Minimum 2 year experience working in Backend (Node JS)
2. Previous Fintech/Banking experience is a big bonus

Ready to build the future with us? 
Fill out this form to apply : https://lnkd.in/d9v88TvC",56,7,5,11mo,Post,Akshar Shah,https://www.linkedin.com/in/akshar-shah-09427b76,https://www.linkedin.com/in/akshar-shah-09427b76/,2024-11-19T22:13:00.000Z,,2024-10-22T00:00:00.000Z,,
https://www.linkedin.com/feed/update/urn:li:activity:7252006415043620864,,Article,"Our latest podcast with Fixerra and Grip is live!Â ğŸ™ï¸ 

Join visionary fintech entrepreneurs as they discuss the complexities of equity markets and explore the shifting dynamics of fixed asset investments.

In this video, Akshar Shah, Founder of  Fixerra , Nikhil Aggarwal, Founder of Grip Invest, and Rohit Murarka, Business Head at Kotak Cherry talk about

âœ… The evolving landscape of equity and fixed asset investments
âœ… The future of equity markets and emerging trends
âœ… The growing importance of diversifying with fixed assets for steady returns
âœ… Actionable strategies for both experienced investors and newcomers
âœ… Personal journeys that have shaped these young founders' approach to fintech and investment
âœ… Key advice for the next generation of investors to succeed in a changing financial landscape
âœ… Gain valuable insights on these topics and more

Watch the full podcast here: https://lnkd.in/gbBvpwvc

#StaySmartWithCherry #ExpertInsights #Fintech #EquityMarket #RetailInvestors #Investments",31,0,4,1yr,Akshar Shah reposted this,Kotak Cherry,https://www.linkedin.com/company/kotakcherry,https://www.linkedin.com/in/akshar-shah-09427b76/,2025-10-15T22:13:00.000Z,,2024-10-15T00:00:00.000Z,,https://youtu.be/Oa-t4B1aZqg
https://www.linkedin.com/feed/update/urn:li:activity:7251648592078065664,,Text,"Fixerra is looking for a Frontend Intern with skills in #React. 

ğŸš€*Work from home opportunity*ğŸš€

What are we exactly looking for:
1. Experience with version control systems like Git.
2. Knowledge of CSS preprocessors like SASS or LESS. Knowledge of Tailwind Css will be appreciated. 
3. Familiarity with Webpack, Gulp, or other build tools.
4. Basic understanding of RESTful APIs and how to integrate front-end applications with them.
5. Awareness of accessibility standards and interest in SEO principles.
6. Strong attention to detail in software development .
7. Enthusiasm for staying up-to-date with the latest trends in front-end development.
8. Good problem solving skills. 

If you think you fit the role perfectly. 
Please send me your CV with a link to one of your hosted project (that you are proud of) to sumit.mishra@fixerra.in 
Please do not forget to add a link to your github account too. 

CC: Akshar Shah",44,4,3,11mo,Akshar Shah reposted this,Sumit Mishra,https://www.linkedin.com/in/sumitmishra388,https://www.linkedin.com/in/akshar-shah-09427b76/,2024-11-19T22:13:00.000Z,,2024-10-14T00:00:00.000Z,,
