postUrl,imgUrl,type,postContent,likeCount,commentCount,repostCount,postDate,action,author,authorUrl,profileUrl,timestamp,viewCount,postTimestamp,sharedPostUrl,videoUrl,sharedJobUrl,approximateDate
https://www.linkedin.com/feed/update/urn:li:activity:7385421183984414720,https://media.licdn.com/dms/image/v2/D4D22AQGZ3KAMvBCLwg/feedshare-shrink_800/B4DZnxEiPZGkAg-/0/1760686129141?e=1762992000&v=beta&t=VrH2lCUpUBSlTUDuu0iqTvfmMgQ4D-zLadO15HIZPGs,Image,"ğŸ’Œ Why Indian Brands Are Sending PR Packages to Brides Who Invite Them

A new trend is quietly redefining the Indian wedding scene.
Brides are sending their wedding invites to brands, and the brands are sending back gifts.

Welcome to the PR Wedding, where emotion meets marketing and love meets luxury. ğŸ’«

From Plum, The Body Shop India, and Dot & Key to Forest Essentials, Sula Vineyards, and mCaffeine, Indian brands are embracing this heartfelt marketing shift. Some even curate full-size hampers for couples who send them wedding invites.

So why are brands doing this?
Because weddings are now content ecosystems. Every unboxing, every â€œgetting-readyâ€ story, and every thank-you tag becomes authentic reach, the kind of organic brand love money canâ€™t buy.

ğŸ’¡ How to Apply:
 Most brands accept invites via their PR or community email IDs or through Instagram DMs. A warm, personalized message with your digital wedding invite or card works best. Include your wedding dates, theme, and location, and always tag their official handles once you receive your PR box.
This isnâ€™t about freebies. Itâ€™s about connection. When a bride invites a brand, sheâ€™s saying, â€œBe part of my story.â€ And the brands are listening. ğŸ’

ğŸ’¬ If your brand received a wedding invite tomorrow, would you send a PR box or a blessing?

Siddharth Chaturvedi, Ajeet Kumar, Bhuveer Kodnani, Krina Mehta, Sahita Sao, Riddhima Roychoudhary, Niti Shah, Prisha Mehta, Harini Brahmbhatt

#VoguePerspective #IndianWeddings #WeddingPR #LuxuryMarketing #CulturalEconomy #MadeInIndia #WeddingIndustry #ExperienceEconomy",8,0,3,4d,Siddharth Chaturvedi reposted this,Spreeh,https://www.linkedin.com/company/spreeh,https://in.linkedin.com/in/siddharth-chaturvedi-aa4b69139,2025-10-18T11:00:00.000Z,,2025-10-19T00:00:00.000Z,,,,2025-10-18
https://www.linkedin.com/feed/update/urn:li:activity:7382045255417753601,https://media.licdn.com/dms/image/v2/D5622AQGvQwDby-khFw/feedshare-shrink_1280/B56ZnJHDtwI0As-/0/1760015695371?e=1762992000&v=beta&t=ppVc94IhzijE3k5gmiC8ysg89C8e7lZ8T9DFuMarmQ0,Image,Proud of the work our team has achieved in such a short period of time ğŸš€,10,0,0,1w,Post,Siddharth Chaturvedi,https://www.linkedin.com/in/siddharth-chaturvedi-aa4b69139,https://in.linkedin.com/in/siddharth-chaturvedi-aa4b69139,2025-10-15T11:00:00.000Z,,2025-10-09T00:00:00.000Z,https://www.linkedin.com/feed/update/urn:li:activity:7382040878304911360/,,,2025-10-15
https://www.linkedin.com/feed/update/urn:li:activity:7378379611992207360,https://media.licdn.com/dms/image/v2/D4D22AQGmxiJx22PSAw/feedshare-shrink_800/B4DZmUoFMAJIAg-/0/1759135166129?e=1762992000&v=beta&t=J_wcVOM2WAKP-ngw4-_0DAg-2XYAhviOqc31HptJguk,Image,"ğŸŒ¿ The Sustainability Blind Spot: Post-Wedding Waste

The day after the wedding rarely feels like happily-ever-after. It looks more like heaps of waste.

Itâ€™s the part of weddings no one puts on Instagram, wilted flowers dumped into landfills, leftover food scraped into bins, and dÃ©cor dismantled in haste. The Indian wedding industry produces over 1 million tonnes of food waste annually, and floral dÃ©cor alone contributes to 15â€“20% of event waste streams.

Weâ€™ve perfected the idea of â€œeco-friendly weddingsâ€ in dÃ©cor sourcing, sustainable outfits, and digital invites. Yet the blind spot remains: what happens after the music stops.

âœ¨ Hereâ€™s how the industry can turn the tide:

â¡ï¸ Repurpose flowers: Tie-ups with companies that recycle blooms into incense, organic colors, dyeing of sarees, or compost.

â¡ï¸ Food redistribution: Partner with NGOs like Robin Hood Army or Feeding India to channel surplus food to communities in need.

â¡ï¸ Circular dÃ©cor: Modular installations that can be rented, reused, and reimagined across multiple events.

â¡ï¸ Waste audits: Professional tracking of post-event waste to create accountability and improve practices.

Sustainability in weddings goes beyond the vows; itâ€™s in what you leave behind. 
Because luxury isnâ€™t just in how weddings look, itâ€™s in how responsibly they leave their mark.

Siddharth Chaturvedi, Ajeet Kumar, Bhuveer Kodnani, Krina Mehta, sahita sao, Riddhima Roychoudhary, Niti Shah, Prisha Mehta, Harini Brahmbhatt

#WeddingIndustry #SustainableLuxury #EcoWeddings #CircularEconomy #WeddingTrends #LuxuryWeddings #Spreeh",14,0,4,3w,Siddharth Chaturvedi reposted this,Spreeh,https://www.linkedin.com/company/spreeh,https://in.linkedin.com/in/siddharth-chaturvedi-aa4b69139,2025-09-30T11:00:00.000Z,,2025-09-29T00:00:00.000Z,,,,2025-10-01
https://www.linkedin.com/feed/update/urn:li:activity:7377244132072853504,https://media.licdn.com/dms/image/v2/D5622AQFKPFqdqSZ_Rw/feedshare-shrink_800/B56ZmE5g.mJoAg-/0/1758871300318?e=1762992000&v=beta&t=gMRcSDYH-wfFKWYWHRvuUk5zvRLrq56EATOslY3ayvI,Image,"ğŸ“Š Indiaâ€™s luxury rental market has exploded, 178% in just three years. And at the heart of this revolution? The bridal lehenga.

Once a symbol of permanence, a family heirloom folded into trunks of silk and memory, bridal couture is now being rewritten. Millennials and Gen Z brides are choosing access over ownership, glamour without guilt, couture without compromise. Renting a Sabyasachi, Falguni Shane Peacock, or Manish Malhotra lehenga is no longer taboo; itâ€™s the new frontier of luxury.

âœ¨ Hereâ€™s what this shift means for the wedding fashion industry:

â¡ï¸ Democratization of couture: Brides in Tier-2 and Tier-3 cities now walk down the aisle in global couture once limited to elite circles.

â¡ï¸ New business models: Designers are pivoting to â€œbridal-as-a-serviceâ€, rentals, resale platforms, and modular designs extending a garmentâ€™s lifecycle.

â¡ï¸ Cultural evolution: Heirlooms are still sacred, but modern brides balance legacy with pragmatism, pairing a grandmotherâ€™s Banarasi with a rented couture lehenga.

â¡ï¸ Sustainability as luxury: With fashion contributing 10% of global carbon emissions (United Nations Environmental Programme), rentals align indulgence with responsibility. Eco-consciousness has become the new definition of elegance.

At Spreeh, we see this not as a trend but a renaissance. Because the future of bridal couture isnâ€™t about what you own, itâ€™s about how you experience, repurpose, and reimagine luxury.

Siddharth Chaturvedi, Ajeet Kumar, Bhuveer Kodnani, Krina Mehta, sahita sao, Riddhima Roychoudhary, Niti Shah, Prisha Mehta, Harini Brahmbhatt

#WeddingIndustry #LuxuryWeddings #BridalFashion #CircularFashion #SustainableLuxury #WeddingTrends #Spreeh",13,0,4,3w,Siddharth Chaturvedi reposted this,Spreeh,https://www.linkedin.com/company/spreeh,https://in.linkedin.com/in/siddharth-chaturvedi-aa4b69139,2025-09-30T11:00:00.000Z,,2025-09-26T00:00:00.000Z,,,,2025-10-01
https://www.linkedin.com/feed/update/urn:li:activity:7375808268679442432,https://media.licdn.com/dms/image/v2/D4D05AQHwizXBH1Xrlw/videocover-low/B4DZlwY3KIHsB4-/0/1758527201605?e=1761717600&v=beta&t=gnf9Q2FVeeNydKOYDFhG445R42mXzpubnRW09cel5_g,Video (LinkedIn Source),"Something we have been working for a while now. Say hello to Chekhmate, your perfect wedding planning partner.",8,0,1,4w,Post,Siddharth Chaturvedi,https://www.linkedin.com/in/siddharth-chaturvedi-aa4b69139,https://in.linkedin.com/in/siddharth-chaturvedi-aa4b69139,2025-09-22T11:00:00.000Z,,2025-09-22T00:00:00.000Z,https://www.linkedin.com/feed/update/urn:li:activity:7375797691123003393/,blob:https://www.linkedin.com/8510b46a-ff1e-4e9c-acdc-f67b9e8bc8a0,,2025-09-24
https://www.linkedin.com/feed/update/urn:li:activity:7346097198343815169,,Text,"Indian destination weddings are beautiful.
What you donâ€™t see? The madness it takes to pull them off.

3 days. 5 venues. 500+ guests flying in from 7 countries.
50+ vendors. 100+ rooming requests. And endless coordination â€” still happening on WhatsApp. ğŸ’¬

ğŸ“Š In 2024, 26% of weddings in India were destination-based, up from 18% just two years ago.
That number will only rise ğŸ”º

Destination weddings are no longer a niche.
Theyâ€™re the default for the next generation.
And with them comes more pressure, more complexity, and sky-high expectations for planners and families alike.

âš™ï¸ This isnâ€™t just a growing category â€” itâ€™s a high-stakes ecosystem that can no longer run on jugaad.

ğŸš€Â At Spreeh, weâ€™re getting started â€” building the backbone for modern wedding planning.

Siddharth Chaturvedi Ajeet Kumar Bhuveer Kodnani Harini Brahmbhatt Niti Shah Riddhima Roychoudhary Prisha Mehta 

#DestinationWeddings #WedTech #IndianWeddings #WeddingPlanner #WeddingPlannersOfIndia #LuxuryWeddings #StartupLife",32,0,4,3mo,Siddharth Chaturvedi reposted this,Krina Mehta,https://www.linkedin.com/in/krina-mehta,https://in.linkedin.com/in/siddharth-chaturvedi-aa4b69139,2025-07-24T11:00:00.000Z,,2025-07-02T00:00:00.000Z,,,,2025-07-24
https://www.linkedin.com/feed/update/urn:li:activity:7340332304591941633,,Text,Rational Equity is actively #hiring! Know anyone who might be correct for this role?,19,2,3,4mo,Siddharth Chaturvedi reposted this,Jaba Misra,https://www.linkedin.com/in/jaba-misra-82b1077b,https://in.linkedin.com/in/siddharth-chaturvedi-aa4b69139,2025-06-24T11:00:00.000Z,,2025-06-16T00:00:00.000Z,,,https://www.linkedin.com/jobs/view/4249143492/,2025-06-24
https://www.linkedin.com/feed/update/urn:li:activity:7336372101500604416,,Text,"The Indian wedding industry is a â‚¹2.5L Cr machine. 
ğŸ“² And itâ€™s still running on WhatsApp. 

500+ guests. 50+ vendors. 3-day celebrations across multiple venues.
And somehow, itâ€™s all held together by jugaad, memory, and spreadsheets.

ğŸ’µ Families spend â‚¹50L to â‚¹5Cr on a single wedding â€” sometimes 20-25% of their lifetime savings â€” without a single system to manage the madness.

Despite the scale, weddings are still planned like college group projects:
ğŸ“ Guest lists in Excel
ğŸ“ Rooming in Google Sheets
ğŸ“ Itineraries in PDFs
ğŸ“ Communication across 8-15 different WhatsApp groups

This isnâ€™t just an emotional event. Itâ€™s a high-stakes production.
And the industry deserves better infrastructure. 

ğŸš€ At Spreeh, weâ€™re just getting started, building the backbone for modern wedding planning.

Siddharth Chaturvedi Ajeet Kumar Bhuveer Kodnani Niti Shah Jia Patel Prisha Mehta 

#WeddingTech #IndianWeddings #PlannerTools #WeddingPlanners #CulturalTech #SaaSIndia #StartupLife",46,2,4,4mo,Siddharth Chaturvedi reposted this,Krina Mehta,https://www.linkedin.com/in/krina-mehta,https://in.linkedin.com/in/siddharth-chaturvedi-aa4b69139,2025-06-24T11:00:00.000Z,,2025-06-05T00:00:00.000Z,,,,2025-06-24
https://www.linkedin.com/feed/update/urn:li:activity:7334468753000181760,https://media.licdn.com/dms/image/v2/D5622AQHI4FY-ksTJeA/feedshare-shrink_800/B56Zck8_x9GQAg-/0/1748671660558?e=1762992000&v=beta&t=RiSBCh7IkqTpmxn1FcjaQWfI_2ASp2Qm7CtYxttP7Ho,Image,"Signing Off from Spreeh with a Full Heart and Countless Memories âœ¨

When I first joined Spreeh as a trainee and intern 10 months ago, I walked in slightly unsure, a little under-confident but full of curiosity and excitement. Today, I leave with a stronger voice, sharper skills, and the kind of confidence that only comes from learning by doing.

From writing blogs and creating content to curating reels every project was an opportunity to grow, challenge myself, and rediscover my creative spark. 

One moment Iâ€™ll never forget? The Band Baaja Blunder shoot over 60 videos in just two days. It was chaotic, energizing, and hands down one of the most creatively fulfilling experiences Iâ€™ve had.

Another highlight was witnessing Spreehâ€™s Instagram journey going from 50K to 100K followers and being in the middle of all the planning, posting, and passion that helped it grow.

A heartfelt thank you to Siddharth Chaturvedi for fostering a culture that celebrates fresh ideas, initiative, and originality. Your trust gave me the space to experiment and evolve.

To my mentors, Krina Mehta and Nandini Patel thank you for your constant guidance, clarity, and belief in my potential. Youâ€™ve deeply shaped the way I approach marketing and storytelling today.

And to my incredible teammates Keertana Nair Preeyana Vira Harini Brahmbhatt Bhuveer Kodnani Suramya Srivastava Niti Shah thank you for all the collaboration, laughter, and support. You made every day memorable.

As I step into new opportunities, I carry with me everything this chapter has taught me professionally and personally. Iâ€™m leaving with more confidence, experience, and a whole lot of gratitude.

Hereâ€™s to Spreeh, to growth, and to exciting new beginnings. ğŸ’Œ

#Gratitude #InternshipJourney #Spreeh #ContentCreation #Marketing #Teamwork #50Kto100K #LearningAndGrowing #NewBeginnings",80,20,1,4mo,Siddharth Chaturvedi reposted this,Jia Patel,https://www.linkedin.com/in/jia-patel-1864222b2,https://in.linkedin.com/in/siddharth-chaturvedi-aa4b69139,2025-06-24T11:00:00.000Z,,2025-05-31T00:00:00.000Z,,,,2025-06-24
https://www.linkedin.com/feed/update/urn:li:activity:7323309802661511168,,Text,"100K followers on Instagram. 20-30 Million Monthly reach. Zero paid marketing

We just crossed a milestone atÂ SpreehÂ â€” 100K wedding lovers, planners, and soon-to-be brides and grooms, all part of a community thatâ€™s grownÂ organically, post by post, reel by reel, story by story.

No gimmicks. No bots. JustÂ consistency and curation.

From the beginning, weâ€™ve focused on what really matters:

Bridal fashion thatÂ actuallyÂ inspires
Jewellery ideas worth screenshotting
Dreamy decor walkthroughs
Planning hacks from the pros
Entertainment, grooming, and venue ideas for every kind of celebration

Weâ€™ve hitÂ 30M+ monthly reach, sparked thousands of saves, shares, and conversations â€” and more importantly, built trust in a space thatâ€™s chaotic, emotional, and high-stakes for every couple.

If youâ€™ve ever shared our content with a bride-to-be, found a wedding idea through us, or just followed for the sheer joy of it â€” thank you.

The best of Spreeh is yet to come ğŸ’«

Ajeet Kumar Bhuveer Kodnani Krina Mehta Harini Brahmbhatt Nandini Patel Jia Patel Keertana Nair Niti Shah 


#Spreeh #100KStrong #WeddingInspo #IndianWeddings #BridalFashion #WeddingPlanning #JewelleryInspo #ContentMilestone #OrganicGrowth",44,4,8,5mo,Post,Siddharth Chaturvedi,https://www.linkedin.com/in/siddharth-chaturvedi-aa4b69139,https://in.linkedin.com/in/siddharth-chaturvedi-aa4b69139,2025-05-25T11:00:00.000Z,,2025-04-30T00:00:00.000Z,,,,2025-05-25
https://www.linkedin.com/feed/update/urn:li:activity:7320033802603393024,https://media.licdn.com/dms/image/v2/D4D22AQEwG-1AlcuwQA/feedshare-shrink_800/B4DZZX5bw5HwAk-/0/1745231396988?e=1762992000&v=beta&t=xruyN9cozgvPELCTiUt2TPOKwngVUC2tFiRaOdiXemc,Image,"What goes into every Reel we post on Spreeh that hits 1M+ views?
Itâ€™s not luck. Itâ€™s structure.

After reaching over 20M+ people organically every month, weâ€™ve learned what actually works and built a repeatable system around it.

Hereâ€™s how we approach content that gets saved, shared, and rewatched:

Cultural Trigger
We start with something the audience already feels- like â€œWhich bridal look is your vibe?â€ or â€œColour combos for couples.â€ Itâ€™s familiar, emotional, and immediately relevant.
 
Trending Format
Whether it's 4-image decor moodboards or Reels structured like quick how-tos, we use formats the audience already loves.

Storytelling
We turn beautiful shots into relatable narratives- â€œMust-have wedding poses â€ or â€œBookmark these portraits.â€ Itâ€™s content that moves people to act.

Everything is organic. No boosting. Just timing, structure, and knowing what makes people pause.

If you're a brand or agency looking to tap into wedding content that actually performs, weâ€™d love to collaborate.

Follow our journey on Instagram: https://lnkd.in/gvwK66m3
 ğŸ“© Feel free to DM or drop a comment if youâ€™d like to collaborate. Always happy to connect.

Siddharth Chaturvedi Ajeet Kumar Krina Mehta Harini Brahmbhatt Niti Shah Jia Patel Keertana Nair 

#Spreeh #InstagramMarketing #WeddingContent #BridalInspiration #ViralContent #StorytellingMatters #IndianWeddings #ReelsStrategy #DigitalContent #InfluencerMarketing #ContentThatPerforms #OpenToCollaborate",38,3,5,6mo,Siddharth Chaturvedi reposted this,Bhuveer Kodnani,https://www.linkedin.com/in/bhuveerkodnani,https://in.linkedin.com/in/siddharth-chaturvedi-aa4b69139,2025-04-25T11:00:00.000Z,,2025-04-21T00:00:00.000Z,,,,2025-04-25
https://www.linkedin.com/feed/update/urn:li:activity:7317461778974576640,https://media.licdn.com/dms/image/v2/D5622AQHVRNvkn4lRIg/feedshare-shrink_800/B56ZYzYZ4TH0Ao-/0/1744618758641?e=1762992000&v=beta&t=Bogmrl91HcoXy242E0QeYMqWkZ919JKvTm9SVAvYwwI,Image,"ğŸš€ Over the past year, Spreeh has grown into one of Indiaâ€™s most engaged wedding content platforms on Instagram.

No paid ads. Just consistently viral content that brides, grooms, and planners actually save, share, and engage with.

ğŸ’¡ Whatâ€™s worked for us?

-The latest wedding trends

-Bridal and groom tips & hacks

-Decor inspiration

-Cultural traditions and their significance

ğŸ“Š Our audience at a glance:

-75% Gen Z & Millennials (ages 18â€“34)

-77% women â€” brides, sisters, wedding enthusiasts

-Primarily from Indiaâ€™s top 10 cities

Weâ€™ve scaled to 95,000+ followers, organically reach 20M+ users each month, and maintain a 5%+ engagement rate - well above industry benchmarks.

Our top-performing Reels?
20 million+ views.
No boosting. Just great timing, emotional storytelling, and a deep understanding of what todayâ€™s audience truly connects with.

Weâ€™re teaming up with brands that align with the evolving culture of Indian weddingsâ€”across:

-Designer and occasion wear
-Bridal and fine jewellery
-Skincare and beauty
-Premium gifting
-Lifestyle and home decor

Have a campaign, product, or story worth telling?
Letâ€™s build content that actually works - not just gets posted.

Follow our journey on Instagram: https://lnkd.in/gvwK66m3

ğŸ“© Feel free to DM or drop a comment if youâ€™d like to collaborate. Always happy to connect.

Siddharth Chaturvedi Krina Mehta Harini Brahmbhatt Ajeet Kumar Nandini Patel Jia Patel Keertana Nair 

#BrandCollaboration #InfluencerMarketing #InstagramGrowth #ContentMarketing #LuxuryMarketing #WeddingIndustry #GenZMarketing #IndianWedding #DigitalCreators #BridalInspiration #WeddingContent #SocialMediaStrategy #BridalTrends #CommunityMarketing",57,3,8,6mo,Siddharth Chaturvedi reposted this,Bhuveer Kodnani,https://www.linkedin.com/in/bhuveerkodnani,https://in.linkedin.com/in/siddharth-chaturvedi-aa4b69139,2025-04-25T11:00:00.000Z,,2025-04-14T00:00:00.000Z,,,,2025-04-25
https://www.linkedin.com/feed/update/urn:li:activity:7309813490544734208,,Text,"Super stoked to have Ajeet Kumar on board Spreeh to help us build the operating system for Indian Weddings! Grateful to be building this with someone who combines product intuition with deep technical leadership. Hereâ€™s to solving real problems for an industry that deserves better tools!

#Weddings #Weddingtech #Saas",35,4,3,6mo,Post,Siddharth Chaturvedi,https://www.linkedin.com/in/siddharth-chaturvedi-aa4b69139,https://in.linkedin.com/in/siddharth-chaturvedi-aa4b69139,2025-04-25T11:00:00.000Z,,2025-03-24T00:00:00.000Z,https://www.linkedin.com/feed/update/urn:li:activity:7309260218956226561/,,,2025-04-25
https://www.linkedin.com/feed/update/urn:li:activity:7290266561771180032,https://media.licdn.com/dms/image/v2/D4D22AQFkrT7A2eXOdQ/feedshare-shrink_800/B4DZSwvq3UGkAk-/0/1738132081200?e=1762992000&v=beta&t=nZgX9_SGa0x2euzyICPtURCezo1kedgEJqPXJr1TkYk,Image,"Are big fat weddings worth the big fat expense? Let's Look at the Facts! ğŸ“Š

The Indian wedding industry is massive - valued at â‚¹1,00,000+ crores! From glamorous venues to designer outfits, these celebrations are larger than life. But in 2024, are they really worth it? Let's break it down!

The Good Side ğŸ‰
â€¢ Culture & Tradition: These weddings keep our heritage alive! 78% of Indian families say wedding rituals help pass cultural values to the next generation. The music, dance, and ceremonies create an unforgettable cultural experience.

â€¢ Family Bonds: Over 50% of couples report stronger family ties post-wedding. With the average Indian wedding hosting 750 guests, it's the perfect reunion spot!

The Reality Check ğŸ’­
â€¢ Planning Pressure: 60% of couples face major stress during planning. Managing vendors, venues, and guest lists for 3-5 day celebrations isn't easy!

â€¢ Lost Moments: With 1000+ guests (the average for upper-middle-class weddings), 72% of couples regret not spending enough time with close family.

The Verdict? ğŸ¤”
While these weddings come with challenges, their cultural value is priceless. A 2023 @WeddingWire survey found that 85% of Indian families still prefer traditional big celebrations over intimate ones!

Regardless Spreeh is here to bring your wedding dreams to life. 
Big or intimate, we ensure your big day is planned with expertise and most importantly love ğŸ’œ
#JustSpreehIt

What's your take? Share your thoughts! ğŸ’­

#Weddingindustry #VendorMarketplace #Destinationwedding #BigFatWedding #Savings #WeddingPlanners",8,0,2,8mo,Siddharth Chaturvedi reposted this,Spreeh,https://www.linkedin.com/company/spreeh,https://in.linkedin.com/in/siddharth-chaturvedi-aa4b69139,2025-02-24T11:00:00.000Z,,2025-01-29T00:00:00.000Z,,,,2025-02-24
https://www.linkedin.com/feed/update/urn:li:activity:7275058607300235264,https://media.licdn.com/dms/image/v2/D5605AQHUF4itlD-rVQ/videocover-high/B56ZPYm2jQHIBs-/0/1734505907217?e=1761717600&v=beta&t=HKv2wOvGagVySpc4AZ5ueHabWlzQ8mY3Phe_OMYo0YI,Video (LinkedIn Source),"Letâ€™s talk weddings! Whatâ€™s your take? Share your thoughts in the comments below! ğŸ¤ğŸ’

If youâ€™re planning your own fairytale wedding, trust Spreeh to turn your vision into reality.

#JustSpreehItğŸ’œ

#IndianWeddings #BigFatWedding #InteractiveContent #WeddingQnA #BacheloretteParty 

Siddharth Chaturvedi Bhuveer Kodnani Suramya Srivastava Harini Brahmbhatt Jia Patel Keertana Nair Nandini Patel",16,1,5,10mo,Siddharth Chaturvedi reposted this,Spreeh,https://www.linkedin.com/company/spreeh,https://in.linkedin.com/in/siddharth-chaturvedi-aa4b69139,2024-12-26T11:00:00.000Z,,2024-12-18T00:00:00.000Z,,blob:https://www.linkedin.com/74f0f32f-b7c2-4946-9043-06e99a3e0cb3,,2024-12-26
https://www.linkedin.com/feed/update/urn:li:activity:7267552196299251712,,Text,"If you're tired of the same old boring corporate jobs and want to join one of the most exciting, fast-growing industries in India... then you're in the right place!

Weâ€™reÂ Spreeh, Indiaâ€™s one of the leading wedding platform thatâ€™s changing the game in the wedding world. And right now, weâ€™re looking to expand our team with some rockstars who are ready to dive into one of the largest andÂ recession-proof industries out there â€“Â the Indian wedding market. 

The wedding industry in India?

Weâ€™ve got traction. Weâ€™ve got a product thatÂ people love. And the best part? Our customers areÂ thrilled. But we need more passionate, smart, and hungry people to take us to the next level. Thatâ€™s where YOU come in. 

Weâ€™re hiring for the following key roles:

1.Â Marketing Head
What youâ€™ll do:Â Lead brand partnerships, craft creative social media strategies, and manage digital marketing to make SpreehÂ theÂ go-to wedding platform in India (and beyond).
Ideal for you if:Â You can get a crowd to RSVP just with a tweet. 

2.Â Client Servicing Head
What youâ€™ll do:Â Work with theÂ richest, craziestÂ brides, grooms, and their families to make sure every detail of their dream wedding goes off without a hitch. Think luxury service at its finest.
Ideal for you if:Â You thrive in chaos, love working with VIPs, and have a passion for creating unforgettable experiences. 

3.Â Head of Hotel Partnerships
What youâ€™ll do:Â Bring Indiaâ€™s (and the worldâ€™s) best hotel chains on board to offer the finest venues for our HNI clients.
Ideal for you if:Â You have a Rolodex full of contacts at 5-star properties and a knack for closing deals thatâ€™ll make hotel CEOs jealous. 

4.Â Chief Technology Officer (CTO)
What youâ€™ll do:Â Lead the development of cutting-edge tech solutions thatâ€™ll transform the wedding vendor ecosystem. This is your chance to build the future of wedding tech from the ground up.
Ideal for you if:Â You love solving problems, have a vision for scalable tech, and can turn complex challenges into elegant solutions. 


Why Spreeh?

Massive opportunity: Weâ€™re tackling one of theÂ largest, most lucrative industries in India. This isnâ€™t just another job; itâ€™s a chance to shape the future of the wedding tech industry. 

Recession-proof: People will always get married. And when they do, they want the BEST. We're here to make sure that happens, no matter what.
Real traction: We've gotÂ happy, loyal customersÂ who love what we do. And the market response has been beyond promising.

Hereâ€™s the Deal â€“ Weâ€™re Looking for Referrals!

If you know someone who fits one of these roles and isÂ ready to make magic happenÂ with us, refer them to us and weâ€™llÂ compensate you with â‚¹50,000Â for every successful candidate you send our way! ğŸ’¸

Send in your cvs on : siddharth.chaturvedi@spreeh.com & bhuveer.kodnani@spreeh.com 

Bhuveer Kodnani Suramya Srivastava Harini Brahmbhatt Nandini Patel Preeyana Vira Jia Patel KEERTANA NAIR Priyanka Nazareth 

#justspreehit",118,31,7,10mo,Post,Siddharth Chaturvedi,https://www.linkedin.com/in/siddharth-chaturvedi-aa4b69139,https://in.linkedin.com/in/siddharth-chaturvedi-aa4b69139,2024-12-26T11:00:00.000Z,,2024-11-27T00:00:00.000Z,,,,2024-12-26
https://www.linkedin.com/feed/update/urn:li:activity:7260991715950350336,,Article,"Spilling out the secret to how I didnâ€™t quit my job in 3 months as a âœ¨ Gen Z âœ¨

I joined Spreeh as the Social Media Head 6 months ago, and at that time I was filled with self-doubt and would question my abilities every day. Those first 3 months? Iâ€™ll admit, I felt the urge to quit more times than I can count. But instead, I chose to trust the process and simply keep working. Somewhere in that challenge, I began to find purpose and build resilience.

Most importantly the patience and support of Siddharth Chaturvedi, our founder at Spreeh, gave me the time and space I needed to grow. The growth Iâ€™m experiencing by working at a start-up is astronomical and would 100% recommend it to anyone my age:

Professionally:
âœï¸Crafting social media and Ad campaign strategies (with 100% creative freedom!)
ğŸ§‘â€ğŸ§‘â€ğŸ§’â€ğŸ§’Gaining firsthand insight into consumer and audience behavior 
ğŸ”Maximising + repurposing resources and assets effectively (and economically!)

Personally:
ğŸ“ˆDiscipline & consistency by adapting a growth mindset
ğŸ”—The value of teamwork and synergy 

My biggest takeaway:
At some point in life, early or later, we all have to put in the hard-work. When we recognize our potential and cultivate the willpower to tap into it, growth becomes inevitable. 

PS: Weâ€™re expanding our team! We're looking for a Client Servicing Executive and a Chief Technology Officer. If this journey resonates with you and youâ€™re looking for a fast paced environment that helps you grow similarly, send in your CVs and reach out to us at: Bhuveer.kodnani@spreeh.com

Curious about what we do? Spreeh is a complete wedding planning platform ğŸ’¯
To know more about us, checkout our website: https://spreeh.com/

#MentalHealth #LifeAtAStartUp #JobOpening #GrowthMindset #GenZInTheWorkPlace",20,8,1,11mo,Siddharth Chaturvedi reposted this,Nandini Patel,https://www.linkedin.com/in/nandini-patel-927b57224,https://in.linkedin.com/in/siddharth-chaturvedi-aa4b69139,2024-11-26T11:00:00.000Z,,2024-11-09T00:00:00.000Z,https://spreeh.com/,,,2024-11-26
https://www.linkedin.com/feed/update/urn:li:activity:7259210020238544896,https://media.licdn.com/dms/image/v2/D4D05AQHFuDJxOXx-3g/videocover-high/videocover-high/0/1730730336953?e=1761717600&v=beta&t=HP59K8EJ8xbMvdmZEesMn8O5x1ps3Tg5oZDQ1a_2nSI,Video (LinkedIn Source),Your next celebration is on if you help you find this person! ğŸš€,13,4,1,11mo,Post,Siddharth Chaturvedi,https://www.linkedin.com/in/siddharth-chaturvedi-aa4b69139,https://in.linkedin.com/in/siddharth-chaturvedi-aa4b69139,2024-11-26T11:00:00.000Z,,2024-11-04T00:00:00.000Z,https://www.linkedin.com/feed/update/urn:li:activity:7259209293202161665/,blob:https://www.linkedin.com/eb714501-65ab-4af3-a28d-8a4d1a94d643,,2024-11-26
https://www.linkedin.com/feed/update/urn:li:activity:7254507240919883776,,Text,"Exciting (and slightly bumpy) times ahead for Spreeh! 

As we wrap up our residency with a fund, it turns out that being a solo founder isnâ€™t quite the golden ticket for early-stage investors. Who knew? But hey, Iâ€™m grateful for the amazing team that helped us refine our vision & being patient with us, even if we didnâ€™t get the funding this time around.

What do we have going for us? Well, weâ€™ve been in the wedding biz for over 9 years and our platform in just 5 months of being live has racked up over 2000 leads worth 50cr+ , closed 22 of those, and have 10 more in the pipeline. Plus, weâ€™ve got solid partnerships with top vendors who are all on board or in the process which would cover the entire supply chain network. 

The catch? We need a tech wizard (a.k.a. a CTO) to help us revolutionize the wedding world. If youâ€™re young, a little tech-savvy, and ready to build a consumer platform that changes the game (while having a blast), we want to hear from you!

CTO Position AvailableÂ (Cash + Equity)

If youâ€™re looking for a chance to make an impact in a fun industry, this is it!
Know someone who fits the bill? 
Send their CVs to siddharth.chaturvedi@spreeh.com.
As a thank you, anyone who helps us find our tech hero will earn a monthâ€™s salary of the new hire. 

And donâ€™t worryâ€”thanks to our fantastic angels backing us, weâ€™re ready to push forward and truly transform the wedding industry.

#hiring #cto #funding #vc #weddings #justspreehit",52,15,7,11mo,Post,Siddharth Chaturvedi,https://www.linkedin.com/in/siddharth-chaturvedi-aa4b69139,https://in.linkedin.com/in/siddharth-chaturvedi-aa4b69139,2024-11-26T11:00:00.000Z,,2024-10-22T00:00:00.000Z,,,,2024-11-26
